"Nome dell'inserzione","Ora del giorno (fuso orario dell'account pubblicitario)","Pubblicazione dell'inserzione",Risultati,"Indicatore di risultato","Costo per risultato","Budget del gruppo di inserzioni","Tipo di budget del gruppo di inserzioni","Importo speso (EUR)",Impression,Copertura,Frequenza,"CPM (costo per 1000 impression) (EUR)","Riproduzioni del video di 3 secondi","Clic sul link","Tempo medio di riproduzione del video","Percentuale di visualizzazione del video",Fine,"Impostazione di attribuzione","Valutazione della qualità","Valutazione del tasso di coinvolgimento","Classificazione tasso di conversione",shop_clicks,"CPC (costo per clic sul link) (EUR)","CTR (tasso di clic sul link)","Clic (tutti)","CTR (tutti i clic)","CPC (tutti i clic) (EUR)","Visualizzazioni della pagina di destinazione","Costo per visualizzazione della pagina di destinazione (EUR)","ROAS (ritorno sulla spesa pubblicitaria) per gli acquisti in-app","ROAS (ritorno sulla spesa pubblicitaria) relativo agli acquisti sul sito Web","Percentuale di successo","Valore risultati","Indicatore del ROAS dei risultati","ROAS risultati","Costo per 1000 account del Centro gestione account raggiunti (EUR)",Visualizzazioni,Visualizzazioni,"Costo per riproduzione del video di 2 secondi continuativi (EUR)","Costo per ThruPlay (EUR)","Riproduzioni del video di 2 secondi continuativi",unique_video_continuous_2_sec_watched_actions:video_view,ThruPlay,"Riproduzioni del video","Costo per riproduzione del video di 3 secondi (EUR)","Clic unici (tutti)","Clic unici sul link","Costo per clic unico (tutti) (EUR)","Costo per clic unico sul link (EUR)","CTR (tasso di clic) in uscita","Clic in uscita","Clic unici in uscita","Costo per clic in uscita (EUR)","Costo per clic unico in uscita (EUR)","CTR per clic unici in uscita","CTR unico (tutti i clic)","Visualizzazioni della foto","CTR unico (tasso di clic sul link)","Costo per visualizzazione della pagina di destinazione (EUR)","Visite al profilo Instagram","Costo per ""Mi piace"" (EUR)","""Mi piace"" di Facebook","Follower di Instagram","Commenti ai post","Condivisioni dei post",ar_effect_share:ar_effect_share,"Costo per interazione con il post (EUR)",cost_per_action_type:group_join,"Costo per interazione con la Pagina (EUR)","Costo per risposta all'evento (EUR)","Interazione con la Pagina",instagram_upcoming_event_reminders_set,Registrazioni,"Risposte all'evento","Interazioni con il post",actions:group_join,"Salvataggi del post","Reazioni ai post",onsite_conversion_returning_messaging_connection,actions:onsite_conversion.messaging_conversation_replied_7d,cost_per_action_type:onsite_conversion.messaging_user_subscribed,actions:onsite_conversion.messaging_user_subscribed,actions:onsite_conversion.messaging_welcome_message_view,"Contatti dei messaggi","Conversazioni tramite messaggi avviate","Costo per conversazione tramite messaggi avviata (EUR)"," (EUR)","Nuovi contatti dei messaggi","Acquisti diretti sul sito web","Clic sulle inserzioni in-app","ROAS (ritorno sulla spesa pubblicitaria) relativo agli acquisti","ROAS (ritorno sulla spesa pubblicitaria) relativo alle donazioni","Riproduzioni del video al 100%","Riproduzioni del video al 50%","Riproduzioni del video al 95%","Riproduzioni del video al 25%","Riproduzioni del video al 75%","Tasso di riproduzioni del video di 3 secondi per impression","Data di creazione","Fine dei report",Inizio,"Pubblicazione del gruppo di inserzioni","Data dell'ultima modifica","Inizio dei report","Ultima modifica significativa",Obiettivo,Offerta,"Tipo di offerta","ID account","ID dell'inserzione","Nome del gruppo di inserzioni","Nome della campagna","Nome dell'account","ID della campagna","ID del gruppo di inserzioni",url_tags,instant_experience_element_reach:instant_experience_element_impression,instant_experience_element_impressions:instant_experience_element_impression,"Impression da aggiornamento automatico","Impression totali (include le impression non valide da traffico non umano)","Percentuale di visualizzazione dell'esperienza interattiva","Tempo di visualizzazione dell'esperienza interattiva","Costo per aumento stimato del ricordo dell'inserzione (persone) (EUR)","Aumento stimato del ricordo dell'inserzione (persone)","Tasso di aumento stimato del ricordo dell'inserzione","Clic in uscita per l'esperienza interattiva","Clic per avviare l'esperienza interattiva","Clic per aprire l'esperienza interattiva","Tasso di acquisti per clic sul link","Tasso di visualizzazioni della pagina di destinazione per clic sul link","Tasso di acquisti per visualizzazioni della pagina di destinazione","Conversioni degli acquisti medie","Costo per mantenimento del giorno 7 nell'app mobile (EUR)","Mantenimento del giorno 7 nell'app mobile","Mantenimento del giorno 2 nell'app mobile","Costo per mantenimento del giorno 2 nell'app mobile (EUR)"
,,0,,,,0,0,109.6,52781,45948,1.148712,2.076505,,,00:00:00,0,,"Impostazioni di attribuzione multipla",-,-,-,,,,511,0.968151,0.214481,,,,,,,,,2.385305,45783,57893,,,,,,,,503,,0.217893,,,,,,,,1.094716,,0.039175,,0,,,0,,,,,,,,,,,,,,,,,,,,,,,,,,0,,,,,,,,,59.114075,0,2025-11-29,,0,0,2025-10-10,0,Più,0,0,,0,,,,0,0,,,,0,52779,0,0,0,0,0,,0,0,0,50,0,,,,,
TLP_spotify,"23:00:00 - 23:59:59",active,6,actions:link_click,0.19333333,"Uso del budget della campagna",0,1.16,435,0,0,2.666667,63,6,00:00:00,0,2025-12-03,"7 giorni dal clic o 1 giorno dalla visualizzazione",-,-,-,,0.193333,1.37931,8,1.83908,0.145,3,0.386667,,,1.37931034,,,,0,0,0,,,,,,,0.018413,0,,0,,1.37931,6,,0.193333,,,0,,0,0.386667,0,,,0,,,,0.016111,,0.016111,,72,,,,72,,,3,,,,,,,,,,,0,,,,,,,,,14.482759,2025-11-29,2025-11-29,2025-11-29,active,2025-11-29,2025-11-29,2025-11-29T18:02:20+0100,Traffico,0,ABSOLUTE_OCPM,1260829851770085,120236101253550167,TLP_Click,TLP_Click,YangKidd,120236101253540167,120236101253530167,,,,0,435,0,0,0,0,0,,0,0,0,0,0,,,,,
TLP_spotify,"22:00:00 - 22:59:59",active,8,actions:link_click,0.195,"Uso del budget della campagna",0,1.56,611,0,0,2.553191,90,8,00:00:00,0,2025-12-03,"7 giorni dal clic o 1 giorno dalla visualizzazione",-,-,-,,0.195,1.309329,15,2.454992,0.104,5,0.312,,,1.30932897,,,,0,0,0,,,,,,,0.017333,0,,0,,1.309329,8,,0.195,,,0,,0,0.312,0,,,0,,,,0.0156,,0.0156,,100,,,,100,,,2,,,,,,,,,,,0,,,,,,,,,14.729951,2025-11-29,2025-11-29,2025-11-29,active,2025-11-29,2025-11-29,2025-11-29T18:02:20+0100,Traffico,0,ABSOLUTE_OCPM,1260829851770085,120236101253550167,TLP_Click,TLP_Click,YangKidd,120236101253540167,120236101253530167,,,,0,611,0,0,0,0,0,,0,0,0,0,0,,,,,
TLP_spotify,"21:00:00 - 21:59:59",active,4,actions:link_click,0.24,"Uso del budget della campagna",0,0.96,391,0,0,2.455243,63,4,00:00:00,0,2025-12-03,"7 giorni dal clic o 1 giorno dalla visualizzazione",-,-,-,,0.24,1.023018,5,1.278772,0.192,1,0.96,,,1.0230179,,,,0,0,0,,,,,,,0.015238,0,,0,,1.023018,4,,0.24,,,0,,0,0.96,0,,,0,,,,0.014118,,0.014118,,68,,,,68,,,1,,,,,,,,,,,0,,,,,,,,,16.112532,2025-11-29,2025-11-29,2025-11-29,active,2025-11-29,2025-11-29,2025-11-29T18:02:20+0100,Traffico,0,ABSOLUTE_OCPM,1260829851770085,120236101253550167,TLP_Click,TLP_Click,YangKidd,120236101253540167,120236101253530167,,,,0,391,0,0,0,0,0,,0,0,0,0,0,,,,,
TLP_spotify,"20:00:00 - 20:59:59",active,,,,"Uso del budget della campagna",0,0,25,0,0,0,1,,00:00:00,0,2025-12-03,"7 giorni dal clic o 1 giorno dalla visualizzazione",-,-,-,,,,0,0,0,,,,,,,,,0,0,0,,,,,,,0,0,,0,,,,,,,,0,,0,,0,,,0,,,,0,,0,,1,,,,1,,,,,,,,,,,,,,0,,,,,,,,,4,2025-11-29,2025-11-29,2025-11-29,active,2025-11-29,2025-11-29,2025-11-29T18:02:20+0100,Traffico,0,ABSOLUTE_OCPM,1260829851770085,120236101253550167,TLP_Click,TLP_Click,YangKidd,120236101253540167,120236101253530167,,,,0,25,0,0,0,0,0,,0,0,0,0,0,,,,,
TLP_INSERZ,"23:00:00 - 23:59:59",active,,,,35,Totale,0,3,0,0,0,2,,00:00:00,0,2025-12-03,"7 giorni dal clic o 1 giorno dalla visualizzazione",-,-,-,,,,0,0,0,,,,,,,,,0,0,0,,,,,,,0,0,,0,,,,,,,,0,,0,,0,,,0,,,,0,,0,,2,,,,2,,,,,,,,,,,,,,0,,,,,,,,,66.666667,2025-11-29,2025-11-29,2025-11-29,active,2025-11-29,2025-11-29,0,Interazioni,0,ABSOLUTE_OCPM,1260829851770085,120236098247870167,TLP_HYPE_PROFILE,TLP_HYPE_PROFILE,YangKidd,120236098247880167,120236098247890167,,,,0,3,0,0,0,0,0,,0,0,0,0,0,,,,,
BNG_LONG,"12:00:00 - 12:59:59",inactive,,,,21.67,Giornaliero,0.4,184,0,0,2.173913,116,,00:00:00,0,2025-10-16,"7 giorni dal clic o 1 giorno dalla visualizzazione",-,-,-,,,,2,1.086957,0.2,,,,,,,,,0,0,0,,,,,,,0.003448,0,,0,,,,,,,,0,,0,,0,,,0,,,,0.00339,,0.00339,,118,,,,118,,,2,,,,,,,,,,,0,,,,,,,,,63.043478,2025-10-11,2025-10-16,2025-10-11,inactive,2025-11-29,2025-10-16,2025-10-11T15:05:52+0200,Interazioni,0,ABSOLUTE_OCPM,1260829851770085,120232892002590167,Lancio_BNG_VideoViews_10ott,Lancio_BNG_VideoViews_10ott,YangKidd,120232892002600167,120232892002610167,,,,0,184,0,0,0,0,0,,0,0,0,0,0,,,,,
BNG_LONG,"11:00:00 - 11:59:59",inactive,,,,21.67,Giornaliero,0.73,318,0,0,2.295597,191,,00:00:00,0,2025-10-16,"7 giorni dal clic o 1 giorno dalla visualizzazione",-,-,-,,,,2,0.628931,0.365,,,,,,,,,0,0,0,,,,,,,0.003822,0,,0,,,,,,,,0,,0,,0,,,0,,,,0.003668,,0.003668,,199,,,,199,,,8,,,,,,,,,,,0,,,,,,,,,60.062893,2025-10-11,2025-10-16,2025-10-11,inactive,2025-11-29,2025-10-16,2025-10-11T15:05:52+0200,Interazioni,0,ABSOLUTE_OCPM,1260829851770085,120232892002590167,Lancio_BNG_VideoViews_10ott,Lancio_BNG_VideoViews_10ott,YangKidd,120232892002600167,120232892002610167,,,,0,318,0,0,0,0,0,,0,0,0,0,0,,,,,
BNG_LONG,"10:00:00 - 10:59:59",inactive,,,,21.67,Giornaliero,1.25,505,0,0,2.475248,293,,00:00:00,0,2025-10-16,"7 giorni dal clic o 1 giorno dalla visualizzazione",-,-,-,,,,2,0.39604,0.625,,,,,,,,,0,0,0,,,,,,,0.004266,0,,0,,,,,,,,0,,0,,0,,,0,,,,0.004181,,0.004181,,299,,,,299,,,6,,,,,,,,,,,0,,,,,,,,,58.019802,2025-10-11,2025-10-16,2025-10-11,inactive,2025-11-29,2025-10-16,2025-10-11T15:05:52+0200,Interazioni,0,ABSOLUTE_OCPM,1260829851770085,120232892002590167,Lancio_BNG_VideoViews_10ott,Lancio_BNG_VideoViews_10ott,YangKidd,120232892002600167,120232892002610167,,,,0,505,0,0,0,0,0,,0,0,0,0,0,,,,,
BNG_LONG,"09:00:00 - 09:59:59",inactive,,,,21.67,Giornaliero,1.14,440,0,0,2.590909,271,,00:00:00,0,2025-10-16,"7 giorni dal clic o 1 giorno dalla visualizzazione",-,-,-,,,,2,0.454545,0.57,,,,,,,,,0,0,0,,,,,,,0.004207,0,,0,,,,,,,,0,,0,,0,,,0,,,,0.004145,,0.004145,,275,,,,275,,,4,,,,,,,,,,,0,,,,,,,,,61.590909,2025-10-11,2025-10-16,2025-10-11,inactive,2025-11-29,2025-10-16,2025-10-11T15:05:52+0200,Interazioni,0,ABSOLUTE_OCPM,1260829851770085,120232892002590167,Lancio_BNG_VideoViews_10ott,Lancio_BNG_VideoViews_10ott,YangKidd,120232892002600167,120232892002610167,,,,0,440,0,0,0,0,0,,0,0,0,0,0,,,,,
BNG_LONG,"08:00:00 - 08:59:59",inactive,,,,21.67,Giornaliero,1.72,630,0,0,2.730159,401,,00:00:00,0,2025-10-16,"7 giorni dal clic o 1 giorno dalla visualizzazione",-,-,-,,,,7,1.111111,0.245714,,,,,,,,,0,0,0,,,,,,,0.004289,0,,0,,,,,,,,0,,0,,0,,,0,,,,0.004257,,0.004257,,404,,,,404,,,3,,,,,,,,,,,0,,,,,,,,,63.650794,2025-10-11,2025-10-16,2025-10-11,inactive,2025-11-29,2025-10-16,2025-10-11T15:05:52+0200,Interazioni,0,ABSOLUTE_OCPM,1260829851770085,120232892002590167,Lancio_BNG_VideoViews_10ott,Lancio_BNG_VideoViews_10ott,YangKidd,120232892002600167,120232892002610167,,,,0,630,0,0,0,0,0,,0,0,0,0,0,,,,,
BNG_LONG,"07:00:00 - 07:59:59",inactive,,,,21.67,Giornaliero,2.58,939,0,0,2.747604,587,,00:00:00,0,2025-10-16,"7 giorni dal clic o 1 giorno dalla visualizzazione",-,-,-,,,,5,0.532481,0.516,,,,,,,,,0,0,0,,,,,,,0.004395,0,,0,,,,,,,,0,,0,,0,,,0,,,,0.004358,,0.004358,,592,,,,592,,,5,,,,,,,,,,,0,,,,,,,,,62.513312,2025-10-11,2025-10-16,2025-10-11,inactive,2025-11-29,2025-10-16,2025-10-11T15:05:52+0200,Interazioni,0,ABSOLUTE_OCPM,1260829851770085,120232892002590167,Lancio_BNG_VideoViews_10ott,Lancio_BNG_VideoViews_10ott,YangKidd,120232892002600167,120232892002610167,,,,0,939,0,0,0,0,0,,0,0,0,0,0,,,,,
BNG_LONG,"06:00:00 - 06:59:59",inactive,,,,21.67,Giornaliero,1.36,520,0,0,2.615385,310,,00:00:00,0,2025-10-16,"7 giorni dal clic o 1 giorno dalla visualizzazione",-,-,-,,,,5,0.961538,0.272,,,,,,,,,0,0,0,,,,,,,0.004387,0,,0,,,,,,,,0,,0,,0,,,0,,,,0.004331,,0.004331,,314,,,,314,,,4,,,,,,,,,,,0,,,,,,,,,59.615385,2025-10-11,2025-10-16,2025-10-11,inactive,2025-11-29,2025-10-16,2025-10-11T15:05:52+0200,Interazioni,0,ABSOLUTE_OCPM,1260829851770085,120232892002590167,Lancio_BNG_VideoViews_10ott,Lancio_BNG_VideoViews_10ott,YangKidd,120232892002600167,120232892002610167,,,,0,520,0,0,0,0,0,,0,0,0,0,0,,,,,
BNG_LONG,"05:00:00 - 05:59:59",inactive,,,,21.67,Giornaliero,0.38,134,0,0,2.835821,88,,00:00:00,0,2025-10-16,"7 giorni dal clic o 1 giorno dalla visualizzazione",-,-,-,,,,1,0.746269,0.38,,,,,,,,,0,0,0,,,,,,,0.004318,0,,0,,,,,,,,0,,0,,0,,,0,,,,0.00413,,0.00413,,92,,,,92,,,4,,,,,,,,,,,0,,,,,,,,,65.671642,2025-10-11,2025-10-16,2025-10-11,inactive,2025-11-29,2025-10-16,2025-10-11T15:05:52+0200,Interazioni,0,ABSOLUTE_OCPM,1260829851770085,120232892002590167,Lancio_BNG_VideoViews_10ott,Lancio_BNG_VideoViews_10ott,YangKidd,120232892002600167,120232892002610167,,,,0,134,0,0,0,0,0,,0,0,0,0,0,,,,,
BNG_LONG,"04:00:00 - 04:59:59",inactive,,,,21.67,Giornaliero,0.18,75,0,0,2.4,46,,00:00:00,0,2025-10-16,"7 giorni dal clic o 1 giorno dalla visualizzazione",-,-,-,,,,1,1.333333,0.18,,,,,,,,,0,0,0,,,,,,,0.003913,0,,0,,,,,,,,0,,0,,0,,,0,,,,0.00383,,0.00383,,47,,,,47,,,1,,,,,,,,,,,0,,,,,,,,,61.333333,2025-10-11,2025-10-16,2025-10-11,inactive,2025-11-29,2025-10-16,2025-10-11T15:05:52+0200,Interazioni,0,ABSOLUTE_OCPM,1260829851770085,120232892002590167,Lancio_BNG_VideoViews_10ott,Lancio_BNG_VideoViews_10ott,YangKidd,120232892002600167,120232892002610167,,,,0,75,0,0,0,0,0,,0,0,0,0,0,,,,,
BNG_LONG,"03:00:00 - 03:59:59",inactive,,,,21.67,Giornaliero,0.16,64,0,0,2.5,31,,00:00:00,0,2025-10-16,"7 giorni dal clic o 1 giorno dalla visualizzazione",-,-,-,,,,0,0,0,,,,,,,,,0,0,0,,,,,,,0.005161,0,,0,,,,,,,,0,,0,,0,,,0,,,,0.005161,,0.005161,,31,,,,31,,,,,,,,,,,,,,0,,,,,,,,,48.4375,2025-10-11,2025-10-16,2025-10-11,inactive,2025-11-29,2025-10-16,2025-10-11T15:05:52+0200,Interazioni,0,ABSOLUTE_OCPM,1260829851770085,120232892002590167,Lancio_BNG_VideoViews_10ott,Lancio_BNG_VideoViews_10ott,YangKidd,120232892002600167,120232892002610167,,,,0,64,0,0,0,0,0,,0,0,0,0,0,,,,,
BNG_LONG,"02:00:00 - 02:59:59",inactive,,,,21.67,Giornaliero,0.41,171,0,0,2.397661,99,,00:00:00,0,2025-10-16,"7 giorni dal clic o 1 giorno dalla visualizzazione",-,-,-,,,,2,1.169591,0.205,,,,,,,,,0,0,0,,,,,,,0.004141,0,,0,,,,,,,,0,,0,,0,,,0,,,,0.0041,,0.0041,,100,,,,100,,,1,,,,,,,,,,,0,,,,,,,,,57.894737,2025-10-11,2025-10-16,2025-10-11,inactive,2025-11-29,2025-10-16,2025-10-11T15:05:52+0200,Interazioni,0,ABSOLUTE_OCPM,1260829851770085,120232892002590167,Lancio_BNG_VideoViews_10ott,Lancio_BNG_VideoViews_10ott,YangKidd,120232892002600167,120232892002610167,,,,0,171,0,0,0,0,0,,0,0,0,0,0,,,,,
BNG_LONG,"01:00:00 - 01:59:59",inactive,,,,21.67,Giornaliero,0.63,269,0,0,2.342007,155,,00:00:00,0,2025-10-16,"7 giorni dal clic o 1 giorno dalla visualizzazione",-,-,-,,,,5,1.858736,0.126,,,,,,,,,0,0,0,,,,,,,0.004065,0,,0,,,,,,,,0,,0,,0,,,0,,,,0.004013,,0.004013,,157,,,,157,,,2,,,,,,,,,,,0,,,,,,,,,57.620818,2025-10-11,2025-10-16,2025-10-11,inactive,2025-11-29,2025-10-16,2025-10-11T15:05:52+0200,Interazioni,0,ABSOLUTE_OCPM,1260829851770085,120232892002590167,Lancio_BNG_VideoViews_10ott,Lancio_BNG_VideoViews_10ott,YangKidd,120232892002600167,120232892002610167,,,,0,269,0,0,0,0,0,,0,0,0,0,0,,,,,
BNG_LONG,"00:00:00 - 00:59:59",inactive,,,,21.67,Giornaliero,0.53,234,0,0,2.264957,136,,00:00:00,0,2025-10-16,"7 giorni dal clic o 1 giorno dalla visualizzazione",-,-,-,,,,4,1.709402,0.1325,,,,,,,,,0,0,0,,,,,,,0.003897,0,,0,,,,,,,,0,,0,,0,,,0,,,,0.003813,,0.003813,,139,,,,139,,,3,,,,,,,,,,,0,,,,,,,,,58.119658,2025-10-11,2025-10-16,2025-10-11,inactive,2025-11-29,2025-10-16,2025-10-11T15:05:52+0200,Interazioni,0,ABSOLUTE_OCPM,1260829851770085,120232892002590167,Lancio_BNG_VideoViews_10ott,Lancio_BNG_VideoViews_10ott,YangKidd,120232892002600167,120232892002610167,,,,0,234,0,0,0,0,0,,0,0,0,0,0,,,,,
BNG_LONG,"23:00:00 - 23:59:59",inactive,,,,21.67,Giornaliero,1.07,497,0,0,2.152918,305,,00:00:00,0,2025-10-16,"7 giorni dal clic o 1 giorno dalla visualizzazione",-,-,-,,,,2,0.402414,0.535,,,,,,,,,0,0,0,,,,,,,0.003508,0,,0,,,,,,,,0,,0,,0,,,0,,,,0.003497,,0.003497,,306,,,,306,,,1,,,,,,,,,,,0,,,,,,,,,61.368209,2025-10-11,2025-10-15,2025-10-11,inactive,2025-11-29,2025-10-15,2025-10-11T15:05:52+0200,Interazioni,0,ABSOLUTE_OCPM,1260829851770085,120232892002590167,Lancio_BNG_VideoViews_10ott,Lancio_BNG_VideoViews_10ott,YangKidd,120232892002600167,120232892002610167,,,,0,497,0,0,0,0,0,,0,0,0,0,0,,,,,
BNG_LONG,"22:00:00 - 22:59:59",inactive,,,,21.67,Giornaliero,0.64,314,0,0,2.038217,188,,00:00:00,0,2025-10-16,"7 giorni dal clic o 1 giorno dalla visualizzazione",-,-,-,,,,1,0.318471,0.64,,,,,,,,,0,0,0,,,,,,,0.003404,0,,0,,,,,,,,0,,0,,0,,,0,,,,0.003351,,0.003351,,191,,,,191,,,3,,,,,,,,,,,0,,,,,,,,,59.872611,2025-10-11,2025-10-15,2025-10-11,inactive,2025-11-29,2025-10-15,2025-10-11T15:05:52+0200,Interazioni,0,ABSOLUTE_OCPM,1260829851770085,120232892002590167,Lancio_BNG_VideoViews_10ott,Lancio_BNG_VideoViews_10ott,YangKidd,120232892002600167,120232892002610167,,,,0,314,0,0,0,0,0,,0,0,0,0,0,,,,,
BNG_LONG,"21:00:00 - 21:59:59",inactive,,,,21.67,Giornaliero,0.49,236,0,0,2.076271,142,,00:00:00,0,2025-10-16,"7 giorni dal clic o 1 giorno dalla visualizzazione",-,-,-,,,,2,0.847458,0.245,,,,,,,,,0,0,0,,,,,,,0.003451,0,,0,,,,,,,,0,,0,,0,,,0,,,,0.003403,,0.003403,,144,,,,144,,,2,,,,,,,,,,,0,,,,,,,,,60.169492,2025-10-11,2025-10-15,2025-10-11,inactive,2025-11-29,2025-10-15,2025-10-11T15:05:52+0200,Interazioni,0,ABSOLUTE_OCPM,1260829851770085,120232892002590167,Lancio_BNG_VideoViews_10ott,Lancio_BNG_VideoViews_10ott,YangKidd,120232892002600167,120232892002610167,,,,0,236,0,0,0,0,0,,0,0,0,0,0,,,,,
BNG_LONG,"20:00:00 - 20:59:59",inactive,,,,21.67,Giornaliero,0.97,502,0,0,1.932271,296,,00:00:00,0,2025-10-16,"7 giorni dal clic o 1 giorno dalla visualizzazione",-,-,-,,,,7,1.394422,0.138571,,,,,,,,,0,0,0,,,,,,,0.003277,0,,0,,,,,,,,0,,0,,0,,,0,,,,0.003277,,0.003277,,296,,,,296,,,,,,,,,,,,,,0,,,,,,,,,58.964143,2025-10-11,2025-10-15,2025-10-11,inactive,2025-11-29,2025-10-15,2025-10-11T15:05:52+0200,Interazioni,0,ABSOLUTE_OCPM,1260829851770085,120232892002590167,Lancio_BNG_VideoViews_10ott,Lancio_BNG_VideoViews_10ott,YangKidd,120232892002600167,120232892002610167,,,,0,502,0,0,0,0,0,,0,0,0,0,0,,,,,
BNG_LONG,"19:00:00 - 19:59:59",inactive,,,,21.67,Giornaliero,1.03,575,0,0,1.791304,334,,00:00:00,0,2025-10-16,"7 giorni dal clic o 1 giorno dalla visualizzazione",-,-,-,,,,4,0.695652,0.2575,,,,,,,,,0,0,0,,,,,,,0.003084,0,,0,,,,,,,,0,,0,,0,,,0,,,,0.003047,,0.003047,,338,,,,338,,,4,,,,,,,,,,,0,,,,,,,,,58.086957,2025-10-11,2025-10-15,2025-10-11,inactive,2025-11-29,2025-10-15,2025-10-11T15:05:52+0200,Interazioni,0,ABSOLUTE_OCPM,1260829851770085,120232892002590167,Lancio_BNG_VideoViews_10ott,Lancio_BNG_VideoViews_10ott,YangKidd,120232892002600167,120232892002610167,,,,0,575,0,0,0,0,0,,0,0,0,0,0,,,,,
BNG_LONG,"18:00:00 - 18:59:59",inactive,,,,21.67,Giornaliero,0.86,428,0,0,2.009346,254,,00:00:00,0,2025-10-16,"7 giorni dal clic o 1 giorno dalla visualizzazione",-,-,-,,,,3,0.700935,0.286667,,,,,,,,,0,0,0,,,,,,,0.003386,0,,0,,,,,,,,0,,0,,0,,,0,,,,0.003359,,0.003359,,256,,,,256,,,2,,,,,,,,,,,0,,,,,,,,,59.345794,2025-10-11,2025-10-15,2025-10-11,inactive,2025-11-29,2025-10-15,2025-10-11T15:05:52+0200,Interazioni,0,ABSOLUTE_OCPM,1260829851770085,120232892002590167,Lancio_BNG_VideoViews_10ott,Lancio_BNG_VideoViews_10ott,YangKidd,120232892002600167,120232892002610167,,,,0,428,0,0,0,0,0,,0,0,0,0,0,,,,,
BNG_LONG,"17:00:00 - 17:59:59",inactive,,,,21.67,Giornaliero,0.81,418,0,0,1.937799,222,,00:00:00,0,2025-10-16,"7 giorni dal clic o 1 giorno dalla visualizzazione",-,-,-,,,,3,0.717703,0.27,,,,,,,,,0,0,0,,,,,,,0.003649,0,,0,,,,,,,,0,,0,,0,,,0,,,,0.003649,,0.003649,,222,,,,222,,,,,,,,,,,,,,0,,,,,,,,,53.110048,2025-10-11,2025-10-15,2025-10-11,inactive,2025-11-29,2025-10-15,2025-10-11T15:05:52+0200,Interazioni,0,ABSOLUTE_OCPM,1260829851770085,120232892002590167,Lancio_BNG_VideoViews_10ott,Lancio_BNG_VideoViews_10ott,YangKidd,120232892002600167,120232892002610167,,,,0,418,0,0,0,0,0,,0,0,0,0,0,,,,,
BNG_LONG,"16:00:00 - 16:59:59",inactive,,,,21.67,Giornaliero,0.62,320,0,0,1.9375,197,,00:00:00,0,2025-10-16,"7 giorni dal clic o 1 giorno dalla visualizzazione",-,-,-,,,,5,1.5625,0.124,,,,,,,,,0,0,0,,,,,,,0.003147,0,,0,,,,,,,,0,,0,,0,,,0,,,,0.003147,,0.003147,,197,,,,197,,,,,,,,,,,,,,0,,,,,,,,,61.5625,2025-10-11,2025-10-15,2025-10-11,inactive,2025-11-29,2025-10-15,2025-10-11T15:05:52+0200,Interazioni,0,ABSOLUTE_OCPM,1260829851770085,120232892002590167,Lancio_BNG_VideoViews_10ott,Lancio_BNG_VideoViews_10ott,YangKidd,120232892002600167,120232892002610167,,,,0,320,0,0,0,0,0,,0,0,0,0,0,,,,,
BNG_LONG,"15:00:00 - 15:59:59",inactive,,,,21.67,Giornaliero,0.64,340,0,0,1.882353,181,,00:00:00,0,2025-10-16,"7 giorni dal clic o 1 giorno dalla visualizzazione",-,-,-,,,,3,0.882353,0.213333,,,,,,,,,0,0,0,,,,,,,0.003536,0,,0,,,,,,,,0,,0,,0,,,0,1,,,0.003441,,0.003441,,186,,,,186,,,4,,,,,,,,,,,0,,,,,,,,,53.235294,2025-10-11,2025-10-15,2025-10-11,inactive,2025-11-29,2025-10-15,2025-10-11T15:05:52+0200,Interazioni,0,ABSOLUTE_OCPM,1260829851770085,120232892002590167,Lancio_BNG_VideoViews_10ott,Lancio_BNG_VideoViews_10ott,YangKidd,120232892002600167,120232892002610167,,,,0,340,0,0,0,0,0,,0,0,0,0,0,,,,,
BNG_LONG,"14:00:00 - 14:59:59",inactive,,,,21.67,Giornaliero,1.1,563,0,0,1.953819,312,,00:00:00,0,2025-10-16,"7 giorni dal clic o 1 giorno dalla visualizzazione",-,-,-,,,,7,1.243339,0.157143,,,,,,,,,0,0,0,,,,,,,0.003526,0,,0,,,,,,,,0,,0,,0,,,0,,,,0.003492,,0.003492,,315,,,,315,,,3,,,,,,,,,,,0,,,,,,,,,55.417407,2025-10-11,2025-10-15,2025-10-11,inactive,2025-11-29,2025-10-15,2025-10-11T15:05:52+0200,Interazioni,0,ABSOLUTE_OCPM,1260829851770085,120232892002590167,Lancio_BNG_VideoViews_10ott,Lancio_BNG_VideoViews_10ott,YangKidd,120232892002600167,120232892002610167,,,,0,563,0,0,0,0,0,,0,0,0,0,0,,,,,
BNG_LONG,"13:00:00 - 13:59:59",inactive,,,,21.67,Giornaliero,0.9,464,0,0,1.939655,265,,00:00:00,0,2025-10-16,"7 giorni dal clic o 1 giorno dalla visualizzazione",-,-,-,,,,4,0.862069,0.225,,,,,,,,,0,0,0,,,,,,,0.003396,0,,0,,,,,,,,0,,0,,0,,,0,,,,0.003346,,0.003346,,269,,,,269,,,4,,,,,,,,,,,0,,,,,,,,,57.112069,2025-10-11,2025-10-15,2025-10-11,inactive,2025-11-29,2025-10-15,2025-10-11T15:05:52+0200,Interazioni,0,ABSOLUTE_OCPM,1260829851770085,120232892002590167,Lancio_BNG_VideoViews_10ott,Lancio_BNG_VideoViews_10ott,YangKidd,120232892002600167,120232892002610167,,,,0,464,0,0,0,0,0,,0,0,0,0,0,,,,,
BNG_LONG,"12:00:00 - 12:59:59",inactive,,,,21.67,Giornaliero,0.84,426,0,0,1.971831,241,,00:00:00,0,2025-10-16,"7 giorni dal clic o 1 giorno dalla visualizzazione",-,-,-,,,,4,0.938967,0.21,,,,,,,,,0,0,0,,,,,,,0.003485,0,,0,,,,,,,,0,,0,,0,,,0,,,,0.003457,,0.003457,,243,,,,243,,,2,,,,,,,,,,,0,,,,,,,,,56.57277,2025-10-11,2025-10-15,2025-10-11,inactive,2025-11-29,2025-10-15,2025-10-11T15:05:52+0200,Interazioni,0,ABSOLUTE_OCPM,1260829851770085,120232892002590167,Lancio_BNG_VideoViews_10ott,Lancio_BNG_VideoViews_10ott,YangKidd,120232892002600167,120232892002610167,,,,0,426,0,0,0,0,0,,0,0,0,0,0,,,,,
BNG_LONG,"11:00:00 - 11:59:59",inactive,,,,21.67,Giornaliero,1.01,501,0,0,2.015968,296,,00:00:00,0,2025-10-16,"7 giorni dal clic o 1 giorno dalla visualizzazione",-,-,-,,,,1,0.199601,1.01,,,,,,,,,0,0,0,,,,,,,0.003412,0,,0,,,,,,,,0,,0,,0,,,0,,,,0.003378,,0.003378,,299,,,,299,,,3,,,,,,,,,,,0,,,,,,,,,59.081836,2025-10-11,2025-10-15,2025-10-11,inactive,2025-11-29,2025-10-15,2025-10-11T15:05:52+0200,Interazioni,0,ABSOLUTE_OCPM,1260829851770085,120232892002590167,Lancio_BNG_VideoViews_10ott,Lancio_BNG_VideoViews_10ott,YangKidd,120232892002600167,120232892002610167,,,,0,501,0,0,0,0,0,,0,0,0,0,0,,,,,
BNG_LONG,"10:00:00 - 10:59:59",inactive,,,,21.67,Giornaliero,1.53,709,0,0,2.157969,452,,00:00:00,0,2025-10-16,"7 giorni dal clic o 1 giorno dalla visualizzazione",-,-,-,,,,6,0.846262,0.255,,,,,,,,,0,0,0,,,,,,,0.003385,0,,0,,,,,,,,0,,0,,0,,,0,,,,0.003341,,0.003341,,458,,,,458,,,6,,,,,,,,,,,0,,,,,,,,,63.751763,2025-10-11,2025-10-15,2025-10-11,inactive,2025-11-29,2025-10-15,2025-10-11T15:05:52+0200,Interazioni,0,ABSOLUTE_OCPM,1260829851770085,120232892002590167,Lancio_BNG_VideoViews_10ott,Lancio_BNG_VideoViews_10ott,YangKidd,120232892002600167,120232892002610167,,,,0,709,0,0,0,0,0,,0,0,0,0,0,,,,,
BNG_LONG,"09:00:00 - 09:59:59",inactive,,,,21.67,Giornaliero,1.68,764,0,0,2.198953,499,,00:00:00,0,2025-10-16,"7 giorni dal clic o 1 giorno dalla visualizzazione",-,-,-,,,,2,0.26178,0.84,,,,,,,,,0,0,0,,,,,,,0.003367,0,,0,,,,,,,,0,,0,,0,,,0,1,,,0.003333,,0.003333,,504,,,,504,,,4,,,,,,,,,,,0,,,,,,,,,65.314136,2025-10-11,2025-10-15,2025-10-11,inactive,2025-11-29,2025-10-15,2025-10-11T15:05:52+0200,Interazioni,0,ABSOLUTE_OCPM,1260829851770085,120232892002590167,Lancio_BNG_VideoViews_10ott,Lancio_BNG_VideoViews_10ott,YangKidd,120232892002600167,120232892002610167,,,,0,764,0,0,0,0,0,,0,0,0,0,0,,,,,
BNG_LONG,"08:00:00 - 08:59:59",inactive,,,,21.67,Giornaliero,1.22,554,0,0,2.202166,366,,00:00:00,0,2025-10-16,"7 giorni dal clic o 1 giorno dalla visualizzazione",-,-,-,,,,3,0.541516,0.406667,,,,,,,,,0,0,0,,,,,,,0.003333,0,,0,,,,,,,,0,,0,,0,,,0,,,,0.003306,,0.003306,,369,,,,369,,,3,,,,,,,,,,,0,,,,,,,,,66.064982,2025-10-11,2025-10-15,2025-10-11,inactive,2025-11-29,2025-10-15,2025-10-11T15:05:52+0200,Interazioni,0,ABSOLUTE_OCPM,1260829851770085,120232892002590167,Lancio_BNG_VideoViews_10ott,Lancio_BNG_VideoViews_10ott,YangKidd,120232892002600167,120232892002610167,,,,0,554,0,0,0,0,0,,0,0,0,0,0,,,,,
BNG_LONG,"07:00:00 - 07:59:59",inactive,,,,21.67,Giornaliero,1.85,871,0,0,2.123995,550,,00:00:00,0,2025-10-16,"7 giorni dal clic o 1 giorno dalla visualizzazione",-,-,-,,,,9,1.033295,0.205556,,,,,,,,,0,0,0,,,,,,,0.003364,0,,0,,,,,,,,0,,0,,0,,,0,,,,0.003345,,0.003345,,553,,,,553,,,3,,,,,,,,,,,0,,,,,,,,,63.145809,2025-10-11,2025-10-15,2025-10-11,inactive,2025-11-29,2025-10-15,2025-10-11T15:05:52+0200,Interazioni,0,ABSOLUTE_OCPM,1260829851770085,120232892002590167,Lancio_BNG_VideoViews_10ott,Lancio_BNG_VideoViews_10ott,YangKidd,120232892002600167,120232892002610167,,,,0,871,0,0,0,0,0,,0,0,0,0,0,,,,,
BNG_LONG,"06:00:00 - 06:59:59",inactive,,,,21.67,Giornaliero,0.87,364,0,0,2.39011,249,,00:00:00,0,2025-10-16,"7 giorni dal clic o 1 giorno dalla visualizzazione",-,-,-,,,,2,0.549451,0.435,,,,,,,,,0,0,0,,,,,,,0.003494,0,,0,,,,,,,,0,,0,,0,,,0,,,,0.003425,,0.003425,,254,,,,254,,,5,,,,,,,,,,,0,,,,,,,,,68.406593,2025-10-11,2025-10-15,2025-10-11,inactive,2025-11-29,2025-10-15,2025-10-11T15:05:52+0200,Interazioni,0,ABSOLUTE_OCPM,1260829851770085,120232892002590167,Lancio_BNG_VideoViews_10ott,Lancio_BNG_VideoViews_10ott,YangKidd,120232892002600167,120232892002610167,,,,0,364,0,0,0,0,0,,0,0,0,0,0,,,,,
BNG_LONG,"05:00:00 - 05:59:59",inactive,,,,21.67,Giornaliero,0.26,113,0,0,2.300885,73,,00:00:00,0,2025-10-16,"7 giorni dal clic o 1 giorno dalla visualizzazione",-,-,-,,,,0,0,0,,,,,,,,,0,0,0,,,,,,,0.003562,0,,0,,,,,,,,0,,0,,0,,,0,,,,0.003562,,0.003562,,73,,,,73,,,,,,,,,,,,,,0,,,,,,,,,64.60177,2025-10-11,2025-10-15,2025-10-11,inactive,2025-11-29,2025-10-15,2025-10-11T15:05:52+0200,Interazioni,0,ABSOLUTE_OCPM,1260829851770085,120232892002590167,Lancio_BNG_VideoViews_10ott,Lancio_BNG_VideoViews_10ott,YangKidd,120232892002600167,120232892002610167,,,,0,113,0,0,0,0,0,,0,0,0,0,0,,,,,
BNG_LONG,"04:00:00 - 04:59:59",inactive,,,,21.67,Giornaliero,0.15,68,0,0,2.205882,46,,00:00:00,0,2025-10-16,"7 giorni dal clic o 1 giorno dalla visualizzazione",-,-,-,,,,2,2.941176,0.075,,,,,,,,,0,0,0,,,,,,,0.003261,0,,0,,,,,,,,0,,0,,0,,,0,,,,0.003191,,0.003191,,47,,,,47,,,1,,,,,,,,,,,0,,,,,,,,,67.647059,2025-10-11,2025-10-15,2025-10-11,inactive,2025-11-29,2025-10-15,2025-10-11T15:05:52+0200,Interazioni,0,ABSOLUTE_OCPM,1260829851770085,120232892002590167,Lancio_BNG_VideoViews_10ott,Lancio_BNG_VideoViews_10ott,YangKidd,120232892002600167,120232892002610167,,,,0,68,0,0,0,0,0,,0,0,0,0,0,,,,,
BNG_LONG,"03:00:00 - 03:59:59",inactive,,,,21.67,Giornaliero,0.19,93,0,0,2.043011,55,,00:00:00,0,2025-10-16,"7 giorni dal clic o 1 giorno dalla visualizzazione",-,-,-,,,,2,2.150538,0.095,,,,,,,,,0,0,0,,,,,,,0.003455,0,,0,,,,,,,,0,,0,,0,,,0,,,,0.003393,,0.003393,,56,,,,56,,,1,,,,,,,,,,,0,,,,,,,,,59.139785,2025-10-11,2025-10-15,2025-10-11,inactive,2025-11-29,2025-10-15,2025-10-11T15:05:52+0200,Interazioni,0,ABSOLUTE_OCPM,1260829851770085,120232892002590167,Lancio_BNG_VideoViews_10ott,Lancio_BNG_VideoViews_10ott,YangKidd,120232892002600167,120232892002610167,,,,0,93,0,0,0,0,0,,0,0,0,0,0,,,,,
BNG_LONG,"02:00:00 - 02:59:59",inactive,,,,21.67,Giornaliero,0.23,119,0,0,1.932773,68,,00:00:00,0,2025-10-16,"7 giorni dal clic o 1 giorno dalla visualizzazione",-,-,-,,,,0,0,0,,,,,,,,,0,0,0,,,,,,,0.003382,0,,0,,,,,,,,0,,0,,0,,,0,,,,0.003382,,0.003382,,68,,,,68,,,,,,,,,,,,,,0,,,,,,,,,57.142857,2025-10-11,2025-10-15,2025-10-11,inactive,2025-11-29,2025-10-15,2025-10-11T15:05:52+0200,Interazioni,0,ABSOLUTE_OCPM,1260829851770085,120232892002590167,Lancio_BNG_VideoViews_10ott,Lancio_BNG_VideoViews_10ott,YangKidd,120232892002600167,120232892002610167,,,,0,119,0,0,0,0,0,,0,0,0,0,0,,,,,
BNG_LONG,"01:00:00 - 01:59:59",inactive,,,,21.67,Giornaliero,0.58,256,0,0,2.265625,160,,00:00:00,0,2025-10-16,"7 giorni dal clic o 1 giorno dalla visualizzazione",-,-,-,,,,5,1.953125,0.116,,,,,,,,,0,0,0,,,,,,,0.003625,0,,0,,,,,,,,0,,0,,0,,,0,,,,0.003625,,0.003625,,160,,,,160,,,,,,,,,,,,,,0,,,,,,,,,62.5,2025-10-11,2025-10-15,2025-10-11,inactive,2025-11-29,2025-10-15,2025-10-11T15:05:52+0200,Interazioni,0,ABSOLUTE_OCPM,1260829851770085,120232892002590167,Lancio_BNG_VideoViews_10ott,Lancio_BNG_VideoViews_10ott,YangKidd,120232892002600167,120232892002610167,,,,0,256,0,0,0,0,0,,0,0,0,0,0,,,,,
BNG_LONG,"00:00:00 - 00:59:59",inactive,,,,21.67,Giornaliero,0.59,291,0,0,2.027491,192,,00:00:00,0,2025-10-16,"7 giorni dal clic o 1 giorno dalla visualizzazione",-,-,-,,,,2,0.687285,0.295,,,,,,,,,0,0,0,,,,,,,0.003073,0,,0,,,,,,,,0,,0,,0,,,0,,,,0.003026,,0.003026,,195,,,,195,,,3,,,,,,,,,,,0,,,,,,,,,65.979381,2025-10-11,2025-10-15,2025-10-11,inactive,2025-11-29,2025-10-15,2025-10-11T15:05:52+0200,Interazioni,0,ABSOLUTE_OCPM,1260829851770085,120232892002590167,Lancio_BNG_VideoViews_10ott,Lancio_BNG_VideoViews_10ott,YangKidd,120232892002600167,120232892002610167,,,,0,291,0,0,0,0,0,,0,0,0,0,0,,,,,
BNG_LONG,"23:00:00 - 23:59:59",inactive,,,,21.67,Giornaliero,1.3,659,0,0,1.972686,396,,00:00:00,0,2025-10-16,"7 giorni dal clic o 1 giorno dalla visualizzazione",-,-,-,,,,9,1.365706,0.144444,,,,,,,,,0,0,0,,,,,,,0.003283,0,,0,,,,,,,,0,,0,,0,,,0,,,,0.003218,,0.003218,,404,,,,404,,,8,,,,,,,,,,,0,,,,,,,,,60.091047,2025-10-11,2025-10-14,2025-10-11,inactive,2025-11-29,2025-10-14,2025-10-11T15:05:52+0200,Interazioni,0,ABSOLUTE_OCPM,1260829851770085,120232892002590167,Lancio_BNG_VideoViews_10ott,Lancio_BNG_VideoViews_10ott,YangKidd,120232892002600167,120232892002610167,,,,0,659,0,0,0,0,0,,0,0,0,0,0,,,,,
BNG_LONG,"22:00:00 - 22:59:59",inactive,,,,21.67,Giornaliero,1.42,720,0,0,1.972222,435,,00:00:00,0,2025-10-16,"7 giorni dal clic o 1 giorno dalla visualizzazione",-,-,-,,,,7,0.972222,0.202857,,,,,,,,,0,0,0,,,,,,,0.003264,0,,0,,,,,,,,0,,0,,0,,,0,,,,0.003257,,0.003257,,436,,,,436,,,1,,,,,,,,,,,0,,,,,,,,,60.416667,2025-10-11,2025-10-14,2025-10-11,inactive,2025-11-29,2025-10-14,2025-10-11T15:05:52+0200,Interazioni,0,ABSOLUTE_OCPM,1260829851770085,120232892002590167,Lancio_BNG_VideoViews_10ott,Lancio_BNG_VideoViews_10ott,YangKidd,120232892002600167,120232892002610167,,,,0,720,0,0,0,0,0,,0,0,0,0,0,,,,,
BNG_LONG,"21:00:00 - 21:59:59",inactive,,,,21.67,Giornaliero,0.95,488,0,0,1.946721,278,,00:00:00,0,2025-10-16,"7 giorni dal clic o 1 giorno dalla visualizzazione",-,-,-,,,,6,1.229508,0.158333,,,,,,,,,0,0,0,,,,,,,0.003417,0,,0,,,,,,,,0,,0,,0,,,0,,,,0.003381,,0.003381,,281,,,,281,,,3,,,,,,,,,,,0,,,,,,,,,56.967213,2025-10-11,2025-10-14,2025-10-11,inactive,2025-11-29,2025-10-14,2025-10-11T15:05:52+0200,Interazioni,0,ABSOLUTE_OCPM,1260829851770085,120232892002590167,Lancio_BNG_VideoViews_10ott,Lancio_BNG_VideoViews_10ott,YangKidd,120232892002600167,120232892002610167,,,,0,488,0,0,0,0,0,,0,0,0,0,0,,,,,
BNG_LONG,"20:00:00 - 20:59:59",inactive,,,,21.67,Giornaliero,0.8,410,0,0,1.95122,220,,00:00:00,0,2025-10-16,"7 giorni dal clic o 1 giorno dalla visualizzazione",-,-,-,,,,3,0.731707,0.266667,,,,,,,,,0,0,0,,,,,,,0.003636,0,,0,,,,,,,,0,,0,,0,,,0,,,,0.00362,,0.00362,,221,,,,221,,,1,,,,,,,,,,,0,,,,,,,,,53.658537,2025-10-11,2025-10-14,2025-10-11,inactive,2025-11-29,2025-10-14,2025-10-11T15:05:52+0200,Interazioni,0,ABSOLUTE_OCPM,1260829851770085,120232892002590167,Lancio_BNG_VideoViews_10ott,Lancio_BNG_VideoViews_10ott,YangKidd,120232892002600167,120232892002610167,,,,0,410,0,0,0,0,0,,0,0,0,0,0,,,,,
BNG_LONG,"19:00:00 - 19:59:59",inactive,,,,21.67,Giornaliero,0.84,448,0,0,1.875,250,,00:00:00,0,2025-10-16,"7 giorni dal clic o 1 giorno dalla visualizzazione",-,-,-,,,,1,0.223214,0.84,,,,,,,,,0,0,0,,,,,,,0.00336,0,,0,,,,,,,,0,,0,,0,,,0,,,,0.003307,,0.003307,,254,,,,254,,,4,,,,,,,,,,,0,,,,,,,,,55.803571,2025-10-11,2025-10-14,2025-10-11,inactive,2025-11-29,2025-10-14,2025-10-11T15:05:52+0200,Interazioni,0,ABSOLUTE_OCPM,1260829851770085,120232892002590167,Lancio_BNG_VideoViews_10ott,Lancio_BNG_VideoViews_10ott,YangKidd,120232892002600167,120232892002610167,,,,0,448,0,0,0,0,0,,0,0,0,0,0,,,,,
BNG_LONG,"18:00:00 - 18:59:59",inactive,,,,21.67,Giornaliero,1.13,585,0,0,1.931624,353,,00:00:00,0,2025-10-16,"7 giorni dal clic o 1 giorno dalla visualizzazione",-,-,-,,,,8,1.367521,0.14125,,,,,,,,,0,0,0,,,,,,,0.003201,0,,0,,,,,,,,0,,0,,0,,,0,,,,0.003201,,0.003201,,353,,,,353,,,,,,,,,,,,,,0,,,,,,,,,60.34188,2025-10-11,2025-10-14,2025-10-11,inactive,2025-11-29,2025-10-14,2025-10-11T15:05:52+0200,Interazioni,0,ABSOLUTE_OCPM,1260829851770085,120232892002590167,Lancio_BNG_VideoViews_10ott,Lancio_BNG_VideoViews_10ott,YangKidd,120232892002600167,120232892002610167,,,,0,585,0,0,0,0,0,,0,0,0,0,0,,,,,
BNG_LONG,"17:00:00 - 17:59:59",inactive,,,,21.67,Giornaliero,0.67,326,0,0,2.055215,196,,00:00:00,0,2025-10-16,"7 giorni dal clic o 1 giorno dalla visualizzazione",-,-,-,,,,6,1.840491,0.111667,,,,,,,,,0,0,0,,,,,,,0.003418,0,,0,,,,,,,,0,,0,,0,,,0,,,,0.003384,,0.003384,,198,,,,198,,,2,,,,,,,,,,,0,,,,,,,,,60.122699,2025-10-11,2025-10-14,2025-10-11,inactive,2025-11-29,2025-10-14,2025-10-11T15:05:52+0200,Interazioni,0,ABSOLUTE_OCPM,1260829851770085,120232892002590167,Lancio_BNG_VideoViews_10ott,Lancio_BNG_VideoViews_10ott,YangKidd,120232892002600167,120232892002610167,,,,0,326,0,0,0,0,0,,0,0,0,0,0,,,,,
BNG_LONG,"16:00:00 - 16:59:59",inactive,,,,21.67,Giornaliero,0.4,213,0,0,1.877934,129,,00:00:00,0,2025-10-16,"7 giorni dal clic o 1 giorno dalla visualizzazione",-,-,-,,,,1,0.469484,0.4,,,,,,,,,0,0,0,,,,,,,0.003101,0,,0,,,,,,,,0,,0,,0,,,0,,,,0.003101,,0.003101,,129,,,,129,,,,,,,,,,,,,,0,,,,,,,,,60.56338,2025-10-11,2025-10-14,2025-10-11,inactive,2025-11-29,2025-10-14,2025-10-11T15:05:52+0200,Interazioni,0,ABSOLUTE_OCPM,1260829851770085,120232892002590167,Lancio_BNG_VideoViews_10ott,Lancio_BNG_VideoViews_10ott,YangKidd,120232892002600167,120232892002610167,,,,0,213,0,0,0,0,0,,0,0,0,0,0,,,,,
BNG_LONG,"15:00:00 - 15:59:59",inactive,,,,21.67,Giornaliero,0.64,333,0,0,1.921922,214,,00:00:00,0,2025-10-16,"7 giorni dal clic o 1 giorno dalla visualizzazione",-,-,-,,,,6,1.801802,0.106667,,,,,,,,,0,0,0,,,,,,,0.002991,0,,0,,,,,,,,0,,0,,0,,,0,,,,0.002936,,0.002936,,218,,,,218,,,4,,,,,,,,,,,0,,,,,,,,,64.264264,2025-10-11,2025-10-14,2025-10-11,inactive,2025-11-29,2025-10-14,2025-10-11T15:05:52+0200,Interazioni,0,ABSOLUTE_OCPM,1260829851770085,120232892002590167,Lancio_BNG_VideoViews_10ott,Lancio_BNG_VideoViews_10ott,YangKidd,120232892002600167,120232892002610167,,,,0,333,0,0,0,0,0,,0,0,0,0,0,,,,,
BNG_LONG,"14:00:00 - 14:59:59",inactive,,,,21.67,Giornaliero,1.08,529,0,0,2.041588,317,,00:00:00,0,2025-10-16,"7 giorni dal clic o 1 giorno dalla visualizzazione",-,-,-,,,,8,1.512287,0.135,,,,,,,,,0,0,0,,,,,,,0.003407,0,,0,,,,,,,,0,,0,,0,,,0,,,,0.003375,,0.003375,,320,,,,320,,,3,,,,,,,,,,,0,,,,,,,,,59.924386,2025-10-11,2025-10-14,2025-10-11,inactive,2025-11-29,2025-10-14,2025-10-11T15:05:52+0200,Interazioni,0,ABSOLUTE_OCPM,1260829851770085,120232892002590167,Lancio_BNG_VideoViews_10ott,Lancio_BNG_VideoViews_10ott,YangKidd,120232892002600167,120232892002610167,,,,0,529,0,0,0,0,0,,0,0,0,0,0,,,,,
BNG_LONG,"13:00:00 - 13:59:59",inactive,,,,21.67,Giornaliero,0.83,399,0,0,2.080201,223,,00:00:00,0,2025-10-16,"7 giorni dal clic o 1 giorno dalla visualizzazione",-,-,-,,,,7,1.754386,0.118571,,,,,,,,,0,0,0,,,,,,,0.003722,0,,0,,,,,,,,0,,0,,0,,,0,,,,0.003705,,0.003705,,224,,,,224,,,1,,,,,,,,,,,0,,,,,,,,,55.889724,2025-10-11,2025-10-14,2025-10-11,inactive,2025-11-29,2025-10-14,2025-10-11T15:05:52+0200,Interazioni,0,ABSOLUTE_OCPM,1260829851770085,120232892002590167,Lancio_BNG_VideoViews_10ott,Lancio_BNG_VideoViews_10ott,YangKidd,120232892002600167,120232892002610167,,,,0,399,0,0,0,0,0,,0,0,0,0,0,,,,,
BNG_LONG,"12:00:00 - 12:59:59",inactive,,,,21.67,Giornaliero,0.84,391,0,0,2.148338,238,,00:00:00,0,2025-10-16,"7 giorni dal clic o 1 giorno dalla visualizzazione",-,-,-,,,,2,0.511509,0.42,,,,,,,,,0,0,0,,,,,,,0.003529,0,,0,,,,,,,,0,,0,,0,,,0,1,,,0.003443,,0.003443,,244,,,,244,,,5,,,,,,,,,,,0,,,,,,,,,60.869565,2025-10-11,2025-10-14,2025-10-11,inactive,2025-11-29,2025-10-14,2025-10-11T15:05:52+0200,Interazioni,0,ABSOLUTE_OCPM,1260829851770085,120232892002590167,Lancio_BNG_VideoViews_10ott,Lancio_BNG_VideoViews_10ott,YangKidd,120232892002600167,120232892002610167,,,,0,391,0,0,0,0,0,,0,0,0,0,0,,,,,
BNG_LONG,"11:00:00 - 11:59:59",inactive,,,,21.67,Giornaliero,1.14,532,0,0,2.142857,315,,00:00:00,0,2025-10-16,"7 giorni dal clic o 1 giorno dalla visualizzazione",-,-,-,,,,2,0.37594,0.57,,,,,,,,,0,0,0,,,,,,,0.003619,0,,0,,,,,,,,0,,0,,0,,,0,,,,0.003574,,0.003574,,319,,,,319,,,4,,,,,,,,,,,0,,,,,,,,,59.210526,2025-10-11,2025-10-14,2025-10-11,inactive,2025-11-29,2025-10-14,2025-10-11T15:05:52+0200,Interazioni,0,ABSOLUTE_OCPM,1260829851770085,120232892002590167,Lancio_BNG_VideoViews_10ott,Lancio_BNG_VideoViews_10ott,YangKidd,120232892002600167,120232892002610167,,,,0,532,0,0,0,0,0,,0,0,0,0,0,,,,,
BNG_LONG,"10:00:00 - 10:59:59",inactive,,,,21.67,Giornaliero,1.13,512,0,0,2.207031,321,,00:00:00,0,2025-10-16,"7 giorni dal clic o 1 giorno dalla visualizzazione",-,-,-,,,,6,1.171875,0.188333,,,,,,,,,0,0,0,,,,,,,0.00352,0,,0,,,,,,,,0,,0,,0,,,0,,,,0.003456,,0.003456,,327,,,,327,,,6,,,,,,,,,,,0,,,,,,,,,62.695313,2025-10-11,2025-10-14,2025-10-11,inactive,2025-11-29,2025-10-14,2025-10-11T15:05:52+0200,Interazioni,0,ABSOLUTE_OCPM,1260829851770085,120232892002590167,Lancio_BNG_VideoViews_10ott,Lancio_BNG_VideoViews_10ott,YangKidd,120232892002600167,120232892002610167,,,,0,512,0,0,0,0,0,,0,0,0,0,0,,,,,
BNG_LONG,"09:00:00 - 09:59:59",inactive,,,,21.67,Giornaliero,1.02,488,0,0,2.090164,312,,00:00:00,0,2025-10-16,"7 giorni dal clic o 1 giorno dalla visualizzazione",-,-,-,,,,3,0.614754,0.34,,,,,,,,,0,0,0,,,,,,,0.003269,0,,0,,,,,,,,0,,0,,0,,,0,1,,,0.003238,,0.003238,,315,,,,315,,1,1,,,,,,,,,,,0,,,,,,,,,63.934426,2025-10-11,2025-10-14,2025-10-11,inactive,2025-11-29,2025-10-14,2025-10-11T15:05:52+0200,Interazioni,0,ABSOLUTE_OCPM,1260829851770085,120232892002590167,Lancio_BNG_VideoViews_10ott,Lancio_BNG_VideoViews_10ott,YangKidd,120232892002600167,120232892002610167,,,,0,488,0,0,0,0,0,,0,0,0,0,0,,,,,
BNG_LONG,"08:00:00 - 08:59:59",inactive,,,,21.67,Giornaliero,1.41,634,0,0,2.223975,426,,00:00:00,0,2025-10-16,"7 giorni dal clic o 1 giorno dalla visualizzazione",-,-,-,,,,8,1.26183,0.17625,,,,,,,,,0,0,0,,,,,,,0.00331,0,,0,,,,,,,,0,,0,,0,,,0,1,,,0.003264,,0.003264,,432,,,,432,,,5,,,,,,,,,,,0,,,,,,,,,67.192429,2025-10-11,2025-10-14,2025-10-11,inactive,2025-11-29,2025-10-14,2025-10-11T15:05:52+0200,Interazioni,0,ABSOLUTE_OCPM,1260829851770085,120232892002590167,Lancio_BNG_VideoViews_10ott,Lancio_BNG_VideoViews_10ott,YangKidd,120232892002600167,120232892002610167,,,,0,634,0,0,0,0,0,,0,0,0,0,0,,,,,
BNG_LONG,"07:00:00 - 07:59:59",inactive,,,,21.67,Giornaliero,1.89,902,0,0,2.095344,605,,00:00:00,0,2025-10-16,"7 giorni dal clic o 1 giorno dalla visualizzazione",-,-,-,,,,11,1.219512,0.171818,,,,,,,,,0,0,0,,,,,,,0.003124,0,,0,,,,,,,,0,,0,,0,,,0,1,,,0.003088,,0.003088,,612,,,,612,,,6,,,,,,,,,,,0,,,,,,,,,67.073171,2025-10-11,2025-10-14,2025-10-11,inactive,2025-11-29,2025-10-14,2025-10-11T15:05:52+0200,Interazioni,0,ABSOLUTE_OCPM,1260829851770085,120232892002590167,Lancio_BNG_VideoViews_10ott,Lancio_BNG_VideoViews_10ott,YangKidd,120232892002600167,120232892002610167,,,,0,901,0,0,0,0,0,,0,0,0,0,0,,,,,
BNG_LONG,"06:00:00 - 06:59:59",inactive,,,,21.67,Giornaliero,0.96,440,0,0,2.181818,277,,00:00:00,0,2025-10-16,"7 giorni dal clic o 1 giorno dalla visualizzazione",-,-,-,,,,4,0.909091,0.24,,,,,,,,,0,0,0,,,,,,,0.003466,0,,0,,,,,,,,0,,0,,0,,,0,1,,,0.003404,,0.003404,,282,,,,282,,,4,,,,,,,,,,,0,,,,,,,,,62.954545,2025-10-11,2025-10-14,2025-10-11,inactive,2025-11-29,2025-10-14,2025-10-11T15:05:52+0200,Interazioni,0,ABSOLUTE_OCPM,1260829851770085,120232892002590167,Lancio_BNG_VideoViews_10ott,Lancio_BNG_VideoViews_10ott,YangKidd,120232892002600167,120232892002610167,,,,0,440,0,0,0,0,0,,0,0,0,0,0,,,,,
BNG_LONG,"05:00:00 - 05:59:59",inactive,,,,21.67,Giornaliero,0.3,137,0,0,2.189781,89,,00:00:00,0,2025-10-16,"7 giorni dal clic o 1 giorno dalla visualizzazione",-,-,-,,,,1,0.729927,0.3,,,,,,,,,0,0,0,,,,,,,0.003371,0,,0,,,,,,,,0,,0,,0,,,0,,,,0.003226,,0.003226,,93,,,,93,,,4,,,,,,,,,,,0,,,,,,,,,64.963504,2025-10-11,2025-10-14,2025-10-11,inactive,2025-11-29,2025-10-14,2025-10-11T15:05:52+0200,Interazioni,0,ABSOLUTE_OCPM,1260829851770085,120232892002590167,Lancio_BNG_VideoViews_10ott,Lancio_BNG_VideoViews_10ott,YangKidd,120232892002600167,120232892002610167,,,,0,137,0,0,0,0,0,,0,0,0,0,0,,,,,
BNG_LONG,"04:00:00 - 04:59:59",inactive,,,,21.67,Giornaliero,0.19,90,0,0,2.111111,60,,00:00:00,0,2025-10-16,"7 giorni dal clic o 1 giorno dalla visualizzazione",-,-,-,,,,0,0,0,,,,,,,,,0,0,0,,,,,,,0.003167,0,,0,,,,,,,,0,,0,,0,,,0,,,,0.003115,,0.003115,,61,,,,61,,,1,,,,,,,,,,,0,,,,,,,,,66.666667,2025-10-11,2025-10-14,2025-10-11,inactive,2025-11-29,2025-10-14,2025-10-11T15:05:52+0200,Interazioni,0,ABSOLUTE_OCPM,1260829851770085,120232892002590167,Lancio_BNG_VideoViews_10ott,Lancio_BNG_VideoViews_10ott,YangKidd,120232892002600167,120232892002610167,,,,0,90,0,0,0,0,0,,0,0,0,0,0,,,,,
BNG_LONG,"03:00:00 - 03:59:59",inactive,,,,21.67,Giornaliero,0.22,98,0,0,2.244898,63,,00:00:00,0,2025-10-16,"7 giorni dal clic o 1 giorno dalla visualizzazione",-,-,-,,,,2,2.040816,0.11,,,,,,,,,0,0,0,,,,,,,0.003492,0,,0,,,,,,,,0,,0,,0,,,0,,,,0.003492,,0.003492,,63,,,,63,,,,,,,,,,,,,,0,,,,,,,,,64.285714,2025-10-11,2025-10-14,2025-10-11,inactive,2025-11-29,2025-10-14,2025-10-11T15:05:52+0200,Interazioni,0,ABSOLUTE_OCPM,1260829851770085,120232892002590167,Lancio_BNG_VideoViews_10ott,Lancio_BNG_VideoViews_10ott,YangKidd,120232892002600167,120232892002610167,,,,0,98,0,0,0,0,0,,0,0,0,0,0,,,,,
BNG_LONG,"02:00:00 - 02:59:59",inactive,,,,21.67,Giornaliero,0.31,142,0,0,2.183099,84,,00:00:00,0,2025-10-16,"7 giorni dal clic o 1 giorno dalla visualizzazione",-,-,-,,,,4,2.816901,0.0775,,,,,,,,,0,0,0,,,,,,,0.00369,0,,0,,,,,,,,0,,0,,0,,,0,,,,0.003647,,0.003647,,85,,,,85,,,1,,,,,,,,,,,0,,,,,,,,,59.15493,2025-10-11,2025-10-14,2025-10-11,inactive,2025-11-29,2025-10-14,2025-10-11T15:05:52+0200,Interazioni,0,ABSOLUTE_OCPM,1260829851770085,120232892002590167,Lancio_BNG_VideoViews_10ott,Lancio_BNG_VideoViews_10ott,YangKidd,120232892002600167,120232892002610167,,,,0,142,0,0,0,0,0,,0,0,0,0,0,,,,,
BNG_LONG,"01:00:00 - 01:59:59",inactive,,,,21.67,Giornaliero,0.47,244,0,0,1.92623,153,,00:00:00,0,2025-10-16,"7 giorni dal clic o 1 giorno dalla visualizzazione",-,-,-,,,,5,2.04918,0.094,,,,,,,,,0,0,0,,,,,,,0.003072,0,,0,,,,,,,,0,,0,,0,,,0,,,,0.003032,,0.003032,,155,,,,155,,,2,,,,,,,,,,,0,,,,,,,,,62.704918,2025-10-11,2025-10-14,2025-10-11,inactive,2025-11-29,2025-10-14,2025-10-11T15:05:52+0200,Interazioni,0,ABSOLUTE_OCPM,1260829851770085,120232892002590167,Lancio_BNG_VideoViews_10ott,Lancio_BNG_VideoViews_10ott,YangKidd,120232892002600167,120232892002610167,,,,0,244,0,0,0,0,0,,0,0,0,0,0,,,,,
BNG_LONG,"00:00:00 - 00:59:59",inactive,,,,21.67,Giornaliero,0.94,468,0,0,2.008547,275,,00:00:00,0,2025-10-16,"7 giorni dal clic o 1 giorno dalla visualizzazione",-,-,-,,,,5,1.068376,0.188,,,,,,,,,0,0,0,,,,,,,0.003418,0,,0,,,,,,,,0,,0,,0,,,0,,,,0.003381,,0.003381,,278,,,,278,,,3,,,,,,,,,,,0,,,,,,,,,58.760684,2025-10-11,2025-10-14,2025-10-11,inactive,2025-11-29,2025-10-14,2025-10-11T15:05:52+0200,Interazioni,0,ABSOLUTE_OCPM,1260829851770085,120232892002590167,Lancio_BNG_VideoViews_10ott,Lancio_BNG_VideoViews_10ott,YangKidd,120232892002600167,120232892002610167,,,,0,468,0,0,0,0,0,,0,0,0,0,0,,,,,
BNG_LONG,"23:00:00 - 23:59:59",inactive,,,,21.67,Giornaliero,1.63,872,0,0,1.869266,519,,00:00:00,0,2025-10-16,"7 giorni dal clic o 1 giorno dalla visualizzazione",-,-,-,,,,8,0.917431,0.20375,,,,,,,,,0,0,0,,,,,,,0.003141,0,,0,,,,,,,,0,,0,,0,,,0,,,,0.003099,,0.003099,,526,,,,526,,1,6,,,,,,,,,,,0,,,,,,,,,59.518349,2025-10-11,2025-10-13,2025-10-11,inactive,2025-11-29,2025-10-13,2025-10-11T15:05:52+0200,Interazioni,0,ABSOLUTE_OCPM,1260829851770085,120232892002590167,Lancio_BNG_VideoViews_10ott,Lancio_BNG_VideoViews_10ott,YangKidd,120232892002600167,120232892002610167,,,,0,872,0,0,0,0,0,,0,0,0,0,0,,,,,
BNG_LONG,"22:00:00 - 22:59:59",inactive,,,,21.67,Giornaliero,1.07,585,0,0,1.82906,362,,00:00:00,0,2025-10-16,"7 giorni dal clic o 1 giorno dalla visualizzazione",-,-,-,,,,5,0.854701,0.214,,,,,,,,,0,0,0,,,,,,,0.002956,0,,0,,,,,,,,0,,0,,0,,,0,1,,,0.002924,,0.002924,,366,,,,366,,,3,,,,,,,,,,,0,,,,,,,,,61.880342,2025-10-11,2025-10-13,2025-10-11,inactive,2025-11-29,2025-10-13,2025-10-11T15:05:52+0200,Interazioni,0,ABSOLUTE_OCPM,1260829851770085,120232892002590167,Lancio_BNG_VideoViews_10ott,Lancio_BNG_VideoViews_10ott,YangKidd,120232892002600167,120232892002610167,,,,0,585,0,0,0,0,0,,0,0,0,0,0,,,,,
BNG_LONG,"21:00:00 - 21:59:59",inactive,,,,21.67,Giornaliero,1.06,544,0,0,1.948529,316,,00:00:00,0,2025-10-16,"7 giorni dal clic o 1 giorno dalla visualizzazione",-,-,-,,,,3,0.551471,0.353333,,,,,,,,,0,0,0,,,,,,,0.003354,0,,0,,,,,,,,0,,0,,0,,,0,,,,0.003344,,0.003344,,317,,,,317,,,1,,,,,,,,,,,0,,,,,,,,,58.088235,2025-10-11,2025-10-13,2025-10-11,inactive,2025-11-29,2025-10-13,2025-10-11T15:05:52+0200,Interazioni,0,ABSOLUTE_OCPM,1260829851770085,120232892002590167,Lancio_BNG_VideoViews_10ott,Lancio_BNG_VideoViews_10ott,YangKidd,120232892002600167,120232892002610167,,,,0,544,0,0,0,0,0,,0,0,0,0,0,,,,,
BNG_LONG,"20:00:00 - 20:59:59",inactive,,,,21.67,Giornaliero,0.98,522,0,0,1.877395,306,,00:00:00,0,2025-10-16,"7 giorni dal clic o 1 giorno dalla visualizzazione",-,-,-,,,,3,0.574713,0.326667,,,,,,,,,0,0,0,,,,,,,0.003203,0,,0,,,,,,,,0,,0,,0,,,0,,,,0.003141,,0.003141,,312,,,,312,,,6,,,,,,,,,,,0,,,,,,,,,58.62069,2025-10-11,2025-10-13,2025-10-11,inactive,2025-11-29,2025-10-13,2025-10-11T15:05:52+0200,Interazioni,0,ABSOLUTE_OCPM,1260829851770085,120232892002590167,Lancio_BNG_VideoViews_10ott,Lancio_BNG_VideoViews_10ott,YangKidd,120232892002600167,120232892002610167,,,,0,522,0,0,0,0,0,,0,0,0,0,0,,,,,
BNG_LONG,"19:00:00 - 19:59:59",inactive,,,,21.67,Giornaliero,0.91,495,0,0,1.838384,298,,00:00:00,0,2025-10-16,"7 giorni dal clic o 1 giorno dalla visualizzazione",-,-,-,,,,2,0.40404,0.455,,,,,,,,,0,0,0,,,,,,,0.003054,0,,0,,,,,,,,0,,0,,0,,,0,,,,0.003013,,0.003013,,302,,,,302,,,4,,,,,,,,,,,0,,,,,,,,,60.20202,2025-10-11,2025-10-13,2025-10-11,inactive,2025-11-29,2025-10-13,2025-10-11T15:05:52+0200,Interazioni,0,ABSOLUTE_OCPM,1260829851770085,120232892002590167,Lancio_BNG_VideoViews_10ott,Lancio_BNG_VideoViews_10ott,YangKidd,120232892002600167,120232892002610167,,,,0,495,0,0,0,0,0,,0,0,0,0,0,,,,,
BNG_LONG,"18:00:00 - 18:59:59",inactive,,,,21.67,Giornaliero,0.74,379,0,0,1.952507,223,,00:00:00,0,2025-10-16,"7 giorni dal clic o 1 giorno dalla visualizzazione",-,-,-,,,,4,1.055409,0.185,,,,,,,,,0,0,0,,,,,,,0.003318,0,,0,,,,,,,,0,,0,,0,,,0,,,,0.003289,,0.003289,,225,,,,225,,,2,,,,,,,,,,,0,,,,,,,,,58.83905,2025-10-11,2025-10-13,2025-10-11,inactive,2025-11-29,2025-10-13,2025-10-11T15:05:52+0200,Interazioni,0,ABSOLUTE_OCPM,1260829851770085,120232892002590167,Lancio_BNG_VideoViews_10ott,Lancio_BNG_VideoViews_10ott,YangKidd,120232892002600167,120232892002610167,,,,0,379,0,0,0,0,0,,0,0,0,0,0,,,,,
BNG_LONG,"17:00:00 - 17:59:59",inactive,,,,21.67,Giornaliero,0.75,386,0,0,1.943005,243,,00:00:00,0,2025-10-16,"7 giorni dal clic o 1 giorno dalla visualizzazione",-,-,-,,,,5,1.295337,0.15,,,,,,,,,0,0,0,,,,,,,0.003086,0,,0,,,,,,,,0,,0,,0,,,0,,,,0.003061,,0.003061,,245,,,,245,,,2,,,,,,,,,,,0,,,,,,,,,62.953368,2025-10-11,2025-10-13,2025-10-11,inactive,2025-11-29,2025-10-13,2025-10-11T15:05:52+0200,Interazioni,0,ABSOLUTE_OCPM,1260829851770085,120232892002590167,Lancio_BNG_VideoViews_10ott,Lancio_BNG_VideoViews_10ott,YangKidd,120232892002600167,120232892002610167,,,,0,386,0,0,0,0,0,,0,0,0,0,0,,,,,
BNG_LONG,"16:00:00 - 16:59:59",inactive,,,,21.67,Giornaliero,0.89,454,0,0,1.960352,290,,00:00:00,0,2025-10-16,"7 giorni dal clic o 1 giorno dalla visualizzazione",-,-,-,,,,6,1.321586,0.148333,,,,,,,,,0,0,0,,,,,,,0.003069,0,,0,,,,,,,,0,,0,,0,,,0,,,,0.003038,,0.003038,,293,,,,293,,,3,,,,,,,,,,,0,,,,,,,,,63.876652,2025-10-11,2025-10-13,2025-10-11,inactive,2025-11-29,2025-10-13,2025-10-11T15:05:52+0200,Interazioni,0,ABSOLUTE_OCPM,1260829851770085,120232892002590167,Lancio_BNG_VideoViews_10ott,Lancio_BNG_VideoViews_10ott,YangKidd,120232892002600167,120232892002610167,,,,0,454,0,0,0,0,0,,0,0,0,0,0,,,,,
BNG_LONG,"15:00:00 - 15:59:59",inactive,,,,21.67,Giornaliero,1.14,557,0,0,2.046679,347,,00:00:00,0,2025-10-16,"7 giorni dal clic o 1 giorno dalla visualizzazione",-,-,-,,,,8,1.436266,0.1425,,,,,,,,,0,0,0,,,,,,,0.003285,0,,0,,,,,,,,0,,0,,0,,,0,,,,0.003248,,0.003248,,351,,,,351,,,4,,,,,,,,,,,0,,,,,,,,,62.298025,2025-10-11,2025-10-13,2025-10-11,inactive,2025-11-29,2025-10-13,2025-10-11T15:05:52+0200,Interazioni,0,ABSOLUTE_OCPM,1260829851770085,120232892002590167,Lancio_BNG_VideoViews_10ott,Lancio_BNG_VideoViews_10ott,YangKidd,120232892002600167,120232892002610167,,,,0,557,0,0,0,0,0,,0,0,0,0,0,,,,,
BNG_LONG,"14:00:00 - 14:59:59",inactive,,,,21.67,Giornaliero,0.93,507,0,0,1.83432,328,,00:00:00,0,2025-10-16,"7 giorni dal clic o 1 giorno dalla visualizzazione",-,-,-,,,,3,0.591716,0.31,,,,,,,,,0,0,0,,,,,,,0.002835,0,,0,,,,,,,,0,,0,,0,,,0,,,,0.002784,,0.002784,,334,,,,334,,,6,,,,,,,,,,,0,,,,,,,,,64.69428,2025-10-11,2025-10-13,2025-10-11,inactive,2025-11-29,2025-10-13,2025-10-11T15:05:52+0200,Interazioni,0,ABSOLUTE_OCPM,1260829851770085,120232892002590167,Lancio_BNG_VideoViews_10ott,Lancio_BNG_VideoViews_10ott,YangKidd,120232892002600167,120232892002610167,,,,0,507,0,0,0,0,0,,0,0,0,0,0,,,,,
BNG_LONG,"13:00:00 - 13:59:59",inactive,,,,21.67,Giornaliero,1.51,728,0,0,2.074176,458,,00:00:00,0,2025-10-16,"7 giorni dal clic o 1 giorno dalla visualizzazione",-,-,-,,,,7,0.961538,0.215714,,,,,,,,,0,0,0,,,,,,,0.003297,0,,0,,,,,,,,0,,0,,0,,,0,,,,0.003261,,0.003261,,463,,,,463,,,5,,,,,,,,,,,0,,,,,,,,,62.912088,2025-10-11,2025-10-13,2025-10-11,inactive,2025-11-29,2025-10-13,2025-10-11T15:05:52+0200,Interazioni,0,ABSOLUTE_OCPM,1260829851770085,120232892002590167,Lancio_BNG_VideoViews_10ott,Lancio_BNG_VideoViews_10ott,YangKidd,120232892002600167,120232892002610167,,,,0,728,0,0,0,0,0,,0,0,0,0,0,,,,,
BNG_LONG,"12:00:00 - 12:59:59",inactive,,,,21.67,Giornaliero,1.21,565,0,0,2.141593,351,,00:00:00,0,2025-10-16,"7 giorni dal clic o 1 giorno dalla visualizzazione",-,-,-,,,,7,1.238938,0.172857,,,,,,,,,0,0,0,,,,,,,0.003447,0,,0,,,,,,,,0,,0,,0,,,0,,,,0.003389,,0.003389,,357,,,,357,,,6,,,,,,,,,,,0,,,,,,,,,62.123894,2025-10-11,2025-10-13,2025-10-11,inactive,2025-11-29,2025-10-13,2025-10-11T15:05:52+0200,Interazioni,0,ABSOLUTE_OCPM,1260829851770085,120232892002590167,Lancio_BNG_VideoViews_10ott,Lancio_BNG_VideoViews_10ott,YangKidd,120232892002600167,120232892002610167,,,,0,565,0,0,0,0,0,,0,0,0,0,0,,,,,
BNG_LONG,"11:00:00 - 11:59:59",inactive,,,,21.67,Giornaliero,0.34,162,0,0,2.098765,95,,00:00:00,0,2025-10-16,"7 giorni dal clic o 1 giorno dalla visualizzazione",-,-,-,,,,1,0.617284,0.34,,,,,,,,,0,0,0,,,,,,,0.003579,0,,0,,,,,,,,0,,0,,0,,,0,,,,0.003505,,0.003505,,97,,,,97,,,2,,,,,,,,,,,0,,,,,,,,,58.641975,2025-10-11,2025-10-13,2025-10-11,inactive,2025-11-29,2025-10-13,2025-10-11T15:05:52+0200,Interazioni,0,ABSOLUTE_OCPM,1260829851770085,120232892002590167,Lancio_BNG_VideoViews_10ott,Lancio_BNG_VideoViews_10ott,YangKidd,120232892002600167,120232892002610167,,,,0,162,0,0,0,0,0,,0,0,0,0,0,,,,,
BNG_LONG,"09:00:00 - 09:59:59",inactive,,,,21.67,Giornaliero,1.13,517,0,0,2.185687,319,,00:00:00,0,2025-10-16,"7 giorni dal clic o 1 giorno dalla visualizzazione",-,-,-,,,,1,0.193424,1.13,,,,,,,,,0,0,0,,,,,,,0.003542,0,,0,,,,,,,,0,,0,,0,,,0,,,,0.003498,,0.003498,,323,,,,323,,,4,,,,,,,,,,,0,,,,,,,,,61.702128,2025-10-11,2025-10-13,2025-10-11,inactive,2025-11-29,2025-10-13,2025-10-11T15:05:52+0200,Interazioni,0,ABSOLUTE_OCPM,1260829851770085,120232892002590167,Lancio_BNG_VideoViews_10ott,Lancio_BNG_VideoViews_10ott,YangKidd,120232892002600167,120232892002610167,,,,0,517,0,0,0,0,0,,0,0,0,0,0,,,,,
BNG_LONG,"08:00:00 - 08:59:59",inactive,,,,21.67,Giornaliero,0.97,462,0,0,2.099567,302,,00:00:00,0,2025-10-16,"7 giorni dal clic o 1 giorno dalla visualizzazione",-,-,-,,,,4,0.865801,0.2425,,,,,,,,,0,0,0,,,,,,,0.003212,0,,0,,,,,,,,0,,0,,0,,,0,,,,0.00318,,0.00318,,305,,,,305,,,3,,,,,,,,,,,0,,,,,,,,,65.367965,2025-10-11,2025-10-13,2025-10-11,inactive,2025-11-29,2025-10-13,2025-10-11T15:05:52+0200,Interazioni,0,ABSOLUTE_OCPM,1260829851770085,120232892002590167,Lancio_BNG_VideoViews_10ott,Lancio_BNG_VideoViews_10ott,YangKidd,120232892002600167,120232892002610167,,,,0,462,0,0,0,0,0,,0,0,0,0,0,,,,,
BNG_LONG,"07:00:00 - 07:59:59",inactive,,,,21.67,Giornaliero,1.66,783,0,0,2.120051,486,,00:00:00,0,2025-10-16,"7 giorni dal clic o 1 giorno dalla visualizzazione",-,-,-,,,,8,1.021711,0.2075,,,,,,,,,0,0,0,,,,,,,0.003416,0,,0,,,,,,,,0,,0,,0,,,0,,,,0.003395,,0.003395,,489,,,,489,,,3,,,,,,,,,,,0,,,,,,,,,62.068966,2025-10-11,2025-10-13,2025-10-11,inactive,2025-11-29,2025-10-13,2025-10-11T15:05:52+0200,Interazioni,0,ABSOLUTE_OCPM,1260829851770085,120232892002590167,Lancio_BNG_VideoViews_10ott,Lancio_BNG_VideoViews_10ott,YangKidd,120232892002600167,120232892002610167,,,,0,783,0,0,0,0,0,,0,0,0,0,0,,,,,
BNG_LONG,"06:00:00 - 06:59:59",inactive,,,,21.67,Giornaliero,0.67,278,0,0,2.410072,162,,00:00:00,0,2025-10-16,"7 giorni dal clic o 1 giorno dalla visualizzazione",-,-,-,,,,2,0.719424,0.335,,,,,,,,,0,0,0,,,,,,,0.004136,0,,0,,,,,,,,0,,0,,0,,,0,,,,0.004136,,0.004136,,162,,,,162,,,,,,,,,,,,,,0,,,,,,,,,58.273381,2025-10-11,2025-10-13,2025-10-11,inactive,2025-11-29,2025-10-13,2025-10-11T15:05:52+0200,Interazioni,0,ABSOLUTE_OCPM,1260829851770085,120232892002590167,Lancio_BNG_VideoViews_10ott,Lancio_BNG_VideoViews_10ott,YangKidd,120232892002600167,120232892002610167,,,,0,278,0,0,0,0,0,,0,0,0,0,0,,,,,
BNG_LONG,"05:00:00 - 05:59:59",inactive,,,,21.67,Giornaliero,0.24,116,0,0,2.068966,71,,00:00:00,0,2025-10-16,"7 giorni dal clic o 1 giorno dalla visualizzazione",-,-,-,,,,0,0,0,,,,,,,,,0,0,0,,,,,,,0.00338,0,,0,,,,,,,,0,,0,,0,,,0,,,,0.00338,,0.00338,,71,,,,71,,,,,,,,,,,,,,0,,,,,,,,,61.206897,2025-10-11,2025-10-13,2025-10-11,inactive,2025-11-29,2025-10-13,2025-10-11T15:05:52+0200,Interazioni,0,ABSOLUTE_OCPM,1260829851770085,120232892002590167,Lancio_BNG_VideoViews_10ott,Lancio_BNG_VideoViews_10ott,YangKidd,120232892002600167,120232892002610167,,,,0,116,0,0,0,0,0,,0,0,0,0,0,,,,,
BNG_LONG,"04:00:00 - 04:59:59",inactive,,,,21.67,Giornaliero,0.17,69,0,0,2.463768,44,,00:00:00,0,2025-10-16,"7 giorni dal clic o 1 giorno dalla visualizzazione",-,-,-,,,,1,1.449275,0.17,,,,,,,,,0,0,0,,,,,,,0.003864,0,,0,,,,,,,,0,,0,,0,,,0,,,,0.003864,,0.003864,,44,,,,44,,,,,,,,,,,,,,0,,,,,,,,,63.768116,2025-10-11,2025-10-13,2025-10-11,inactive,2025-11-29,2025-10-13,2025-10-11T15:05:52+0200,Interazioni,0,ABSOLUTE_OCPM,1260829851770085,120232892002590167,Lancio_BNG_VideoViews_10ott,Lancio_BNG_VideoViews_10ott,YangKidd,120232892002600167,120232892002610167,,,,0,69,0,0,0,0,0,,0,0,0,0,0,,,,,
BNG_LONG,"03:00:00 - 03:59:59",inactive,,,,21.67,Giornaliero,0.26,129,0,0,2.015504,80,,00:00:00,0,2025-10-16,"7 giorni dal clic o 1 giorno dalla visualizzazione",-,-,-,,,,2,1.550388,0.13,,,,,,,,,0,0,0,,,,,,,0.00325,0,,0,,,,,,,,0,,0,,0,,,0,,,,0.00321,,0.00321,,81,,,,81,,,1,,,,,,,,,,,0,,,,,,,,,62.015504,2025-10-11,2025-10-13,2025-10-11,inactive,2025-11-29,2025-10-13,2025-10-11T15:05:52+0200,Interazioni,0,ABSOLUTE_OCPM,1260829851770085,120232892002590167,Lancio_BNG_VideoViews_10ott,Lancio_BNG_VideoViews_10ott,YangKidd,120232892002600167,120232892002610167,,,,0,129,0,0,0,0,0,,0,0,0,0,0,,,,,
BNG_LONG,"02:00:00 - 02:59:59",inactive,,,,21.67,Giornaliero,0.4,191,0,0,2.094241,120,,00:00:00,0,2025-10-16,"7 giorni dal clic o 1 giorno dalla visualizzazione",-,-,-,,,,2,1.04712,0.2,,,,,,,,,0,0,0,,,,,,,0.003333,0,,0,,,,,,,,0,,0,,0,,,0,,,,0.003279,,0.003279,,122,,,,122,,,2,,,,,,,,,,,0,,,,,,,,,62.827225,2025-10-11,2025-10-13,2025-10-11,inactive,2025-11-29,2025-10-13,2025-10-11T15:05:52+0200,Interazioni,0,ABSOLUTE_OCPM,1260829851770085,120232892002590167,Lancio_BNG_VideoViews_10ott,Lancio_BNG_VideoViews_10ott,YangKidd,120232892002600167,120232892002610167,,,,0,191,0,0,0,0,0,,0,0,0,0,0,,,,,
BNG_LONG,"01:00:00 - 01:59:59",inactive,,,,21.67,Giornaliero,0.78,393,0,0,1.984733,227,,00:00:00,0,2025-10-16,"7 giorni dal clic o 1 giorno dalla visualizzazione",-,-,-,,,,3,0.763359,0.26,,,,,,,,,0,0,0,,,,,,,0.003436,0,,0,,,,,,,,0,,0,,0,,,0,,,,0.003421,,0.003421,,228,,,,228,,,1,,,,,,,,,,,0,,,,,,,,,57.760814,2025-10-11,2025-10-13,2025-10-11,inactive,2025-11-29,2025-10-13,2025-10-11T15:05:52+0200,Interazioni,0,ABSOLUTE_OCPM,1260829851770085,120232892002590167,Lancio_BNG_VideoViews_10ott,Lancio_BNG_VideoViews_10ott,YangKidd,120232892002600167,120232892002610167,,,,0,393,0,0,0,0,0,,0,0,0,0,0,,,,,
BNG_LONG,"00:00:00 - 00:59:59",inactive,,,,21.67,Giornaliero,1.86,1025,0,0,1.814634,607,,00:00:00,0,2025-10-16,"7 giorni dal clic o 1 giorno dalla visualizzazione",-,-,-,,,,16,1.560976,0.11625,,,,,,,,,0,0,0,,,,,,,0.003064,0,,0,,,,,,,,0,,0,,0,,,0,,,,0.003029,,0.003029,,614,,,,614,,,7,,,,,,,,,,,0,,,,,,,,,59.219512,2025-10-11,2025-10-13,2025-10-11,inactive,2025-11-29,2025-10-13,2025-10-11T15:05:52+0200,Interazioni,0,ABSOLUTE_OCPM,1260829851770085,120232892002590167,Lancio_BNG_VideoViews_10ott,Lancio_BNG_VideoViews_10ott,YangKidd,120232892002600167,120232892002610167,,,,0,1024,0,0,0,0,0,,0,0,0,0,0,,,,,
BNG_LONG,"23:00:00 - 23:59:59",inactive,,,,21.67,Giornaliero,1.33,738,0,0,1.802168,438,,00:00:00,0,2025-10-16,"7 giorni dal clic o 1 giorno dalla visualizzazione",-,-,-,,,,7,0.948509,0.19,,,,,,,,,0,0,0,,,,,,,0.003037,0,,0,,,,,,,,0,,0,,0,,,0,,,,0.003023,,0.003023,,440,,,,440,,,2,,,,,,,,,,,0,,,,,,,,,59.349594,2025-10-11,2025-10-12,2025-10-11,inactive,2025-11-29,2025-10-12,2025-10-11T15:05:52+0200,Interazioni,0,ABSOLUTE_OCPM,1260829851770085,120232892002590167,Lancio_BNG_VideoViews_10ott,Lancio_BNG_VideoViews_10ott,YangKidd,120232892002600167,120232892002610167,,,,0,738,0,0,0,0,0,,0,0,0,0,0,,,,,
BNG_LONG,"22:00:00 - 22:59:59",inactive,,,,21.67,Giornaliero,1.31,751,0,0,1.744341,450,,00:00:00,0,2025-10-16,"7 giorni dal clic o 1 giorno dalla visualizzazione",-,-,-,,,,6,0.798935,0.218333,,,,,,,,,0,0,0,,,,,,,0.002911,0,,0,,,,,,,,0,,0,,0,,,0,1,,,0.002873,,0.002873,,456,,,,456,,,5,,,,,,,,,,,0,,,,,,,,,59.920107,2025-10-11,2025-10-12,2025-10-11,inactive,2025-11-29,2025-10-12,2025-10-11T15:05:52+0200,Interazioni,0,ABSOLUTE_OCPM,1260829851770085,120232892002590167,Lancio_BNG_VideoViews_10ott,Lancio_BNG_VideoViews_10ott,YangKidd,120232892002600167,120232892002610167,,,,0,751,0,0,0,0,0,,0,0,0,0,0,,,,,
BNG_LONG,"21:00:00 - 21:59:59",inactive,,,,21.67,Giornaliero,0.91,516,0,0,1.763566,294,,00:00:00,0,2025-10-16,"7 giorni dal clic o 1 giorno dalla visualizzazione",-,-,-,,,,3,0.581395,0.303333,,,,,,,,,0,0,0,,,,,,,0.003095,0,,0,,,,,,,,0,,0,,0,,,0,,,,0.003074,,0.003074,,296,,,,296,,,2,,,,,,,,,,,0,,,,,,,,,56.976744,2025-10-11,2025-10-12,2025-10-11,inactive,2025-11-29,2025-10-12,2025-10-11T15:05:52+0200,Interazioni,0,ABSOLUTE_OCPM,1260829851770085,120232892002590167,Lancio_BNG_VideoViews_10ott,Lancio_BNG_VideoViews_10ott,YangKidd,120232892002600167,120232892002610167,,,,0,516,0,0,0,0,0,,0,0,0,0,0,,,,,
BNG_LONG,"20:00:00 - 20:59:59",inactive,,,,21.67,Giornaliero,1.21,665,0,0,1.819549,371,,00:00:00,0,2025-10-16,"7 giorni dal clic o 1 giorno dalla visualizzazione",-,-,-,,,,10,1.503759,0.121,,,,,,,,,0,0,0,,,,,,,0.003261,0,,0,,,,,,,,0,,0,,0,,,0,,,,0.003235,,0.003235,,374,,,,374,,,3,,,,,,,,,,,0,,,,,,,,,55.789474,2025-10-11,2025-10-12,2025-10-11,inactive,2025-11-29,2025-10-12,2025-10-11T15:05:52+0200,Interazioni,0,ABSOLUTE_OCPM,1260829851770085,120232892002590167,Lancio_BNG_VideoViews_10ott,Lancio_BNG_VideoViews_10ott,YangKidd,120232892002600167,120232892002610167,,,,0,665,0,0,0,0,0,,0,0,0,0,0,,,,,
BNG_LONG,"19:00:00 - 19:59:59",inactive,,,,21.67,Giornaliero,2.08,1123,0,0,1.852182,633,,00:00:00,0,2025-10-16,"7 giorni dal clic o 1 giorno dalla visualizzazione",-,-,-,,,,12,1.068566,0.173333,,,,,,,,,0,0,0,,,,,,,0.003286,0,,0,,,,,,,,0,,0,,0,,,0,,,,0.00324,,0.00324,,642,,,,642,,,9,,,,,,,,,,,0,,,,,,,,,56.366874,2025-10-11,2025-10-12,2025-10-11,inactive,2025-11-29,2025-10-12,2025-10-11T15:05:52+0200,Interazioni,0,ABSOLUTE_OCPM,1260829851770085,120232892002590167,Lancio_BNG_VideoViews_10ott,Lancio_BNG_VideoViews_10ott,YangKidd,120232892002600167,120232892002610167,,,,0,1123,0,0,0,0,0,,0,0,0,0,0,,,,,
BNG_LONG,"18:00:00 - 18:59:59",inactive,,,,21.67,Giornaliero,1.14,594,0,0,1.919192,353,,00:00:00,0,2025-10-16,"7 giorni dal clic o 1 giorno dalla visualizzazione",-,-,-,,,,5,0.841751,0.228,,,,,,,,,0,0,0,,,,,,,0.003229,0,,0,,,,,,,,0,,0,,0,,,0,,,,0.003184,,0.003184,,358,,,,358,,,5,,,,,,,,,,,0,,,,,,,,,59.427609,2025-10-11,2025-10-12,2025-10-11,inactive,2025-11-29,2025-10-12,2025-10-11T15:05:52+0200,Interazioni,0,ABSOLUTE_OCPM,1260829851770085,120232892002590167,Lancio_BNG_VideoViews_10ott,Lancio_BNG_VideoViews_10ott,YangKidd,120232892002600167,120232892002610167,,,,0,594,0,0,0,0,0,,0,0,0,0,0,,,,,
BNG_LONG,"17:00:00 - 17:59:59",inactive,,,,21.67,Giornaliero,0.42,233,0,0,1.802575,141,,00:00:00,0,2025-10-16,"7 giorni dal clic o 1 giorno dalla visualizzazione",-,-,-,,,,2,0.858369,0.21,,,,,,,,,0,0,0,,,,,,,0.002979,0,,0,,,,,,,,0,,0,,0,,,0,,,,0.002937,,0.002937,,143,,,,143,,,2,,,,,,,,,,,0,,,,,,,,,60.515021,2025-10-11,2025-10-12,2025-10-11,inactive,2025-11-29,2025-10-12,2025-10-11T15:05:52+0200,Interazioni,0,ABSOLUTE_OCPM,1260829851770085,120232892002590167,Lancio_BNG_VideoViews_10ott,Lancio_BNG_VideoViews_10ott,YangKidd,120232892002600167,120232892002610167,,,,0,233,0,0,0,0,0,,0,0,0,0,0,,,,,
BNG_LONG,"16:00:00 - 16:59:59",inactive,,,,21.67,Giornaliero,0.74,375,0,0,1.973333,232,,00:00:00,0,2025-10-16,"7 giorni dal clic o 1 giorno dalla visualizzazione",-,-,-,,,,0,0,0,,,,,,,,,0,0,0,,,,,,,0.00319,0,,0,,,,,,,,0,,0,,0,,,0,,,,0.003096,,0.003096,,239,,,,239,,,7,,,,,,,,,,,0,,,,,,,,,61.866667,2025-10-11,2025-10-12,2025-10-11,inactive,2025-11-29,2025-10-12,2025-10-11T15:05:52+0200,Interazioni,0,ABSOLUTE_OCPM,1260829851770085,120232892002590167,Lancio_BNG_VideoViews_10ott,Lancio_BNG_VideoViews_10ott,YangKidd,120232892002600167,120232892002610167,,,,0,375,0,0,0,0,0,,0,0,0,0,0,,,,,
BNG_LONG,"15:00:00 - 15:59:59",inactive,,,,21.67,Giornaliero,0.72,388,0,0,1.85567,228,,00:00:00,0,2025-10-16,"7 giorni dal clic o 1 giorno dalla visualizzazione",-,-,-,,,,2,0.515464,0.36,,,,,,,,,0,0,0,,,,,,,0.003158,0,,0,,,,,,,,0,,0,,0,,,0,,,,0.003103,,0.003103,,232,,,,232,,,4,,,,,,,,,,,0,,,,,,,,,58.762887,2025-10-11,2025-10-12,2025-10-11,inactive,2025-11-29,2025-10-12,2025-10-11T15:05:52+0200,Interazioni,0,ABSOLUTE_OCPM,1260829851770085,120232892002590167,Lancio_BNG_VideoViews_10ott,Lancio_BNG_VideoViews_10ott,YangKidd,120232892002600167,120232892002610167,,,,0,388,0,0,0,0,0,,0,0,0,0,0,,,,,
BNG_LONG,"14:00:00 - 14:59:59",inactive,,,,21.67,Giornaliero,1.34,663,0,0,2.021116,408,,00:00:00,0,2025-10-16,"7 giorni dal clic o 1 giorno dalla visualizzazione",-,-,-,,,,6,0.904977,0.223333,,,,,,,,,0,0,0,,,,,,,0.003284,0,,0,,,,,,,,0,,0,,0,,,0,,,,0.003237,,0.003237,,414,,,,414,,,6,,,,,,,,,,,0,,,,,,,,,61.538462,2025-10-11,2025-10-12,2025-10-11,inactive,2025-11-29,2025-10-12,2025-10-11T15:05:52+0200,Interazioni,0,ABSOLUTE_OCPM,1260829851770085,120232892002590167,Lancio_BNG_VideoViews_10ott,Lancio_BNG_VideoViews_10ott,YangKidd,120232892002600167,120232892002610167,,,,0,663,0,0,0,0,0,,0,0,0,0,0,,,,,
BNG_LONG,"13:00:00 - 13:59:59",inactive,,,,21.67,Giornaliero,0.76,373,0,0,2.037534,221,,00:00:00,0,2025-10-16,"7 giorni dal clic o 1 giorno dalla visualizzazione",-,-,-,,,,3,0.80429,0.253333,,,,,,,,,0,0,0,,,,,,,0.003439,0,,0,,,,,,,,0,,0,,0,,,0,,,,0.003393,,0.003393,,224,,,,224,,,3,,,,,,,,,,,0,,,,,,,,,59.24933,2025-10-11,2025-10-12,2025-10-11,inactive,2025-11-29,2025-10-12,2025-10-11T15:05:52+0200,Interazioni,0,ABSOLUTE_OCPM,1260829851770085,120232892002590167,Lancio_BNG_VideoViews_10ott,Lancio_BNG_VideoViews_10ott,YangKidd,120232892002600167,120232892002610167,,,,0,373,0,0,0,0,0,,0,0,0,0,0,,,,,
BNG_LONG,"12:00:00 - 12:59:59",inactive,,,,21.67,Giornaliero,0.08,36,0,0,2.222222,24,,00:00:00,0,2025-10-16,"7 giorni dal clic o 1 giorno dalla visualizzazione",-,-,-,,,,0,0,0,,,,,,,,,0,0,0,,,,,,,0.003333,0,,0,,,,,,,,0,,0,,0,,,0,,,,0.003333,,0.003333,,24,,,,24,,,,,,,,,,,,,,0,,,,,,,,,66.666667,2025-10-11,2025-10-12,2025-10-11,inactive,2025-11-29,2025-10-12,2025-10-11T15:05:52+0200,Interazioni,0,ABSOLUTE_OCPM,1260829851770085,120232892002590167,Lancio_BNG_VideoViews_10ott,Lancio_BNG_VideoViews_10ott,YangKidd,120232892002600167,120232892002610167,,,,0,36,0,0,0,0,0,,0,0,0,0,0,,,,,
BNG_LONG,"11:00:00 - 11:59:59",inactive,,,,21.67,Giornaliero,1.71,789,0,0,2.1673,483,,00:00:00,0,2025-10-16,"7 giorni dal clic o 1 giorno dalla visualizzazione",-,-,-,,,,9,1.140684,0.19,,,,,,,,,0,0,0,,,,,,,0.00354,0,,0,,,,,,,,0,,0,,0,,,0,,,,0.00349,,0.00349,,490,,,,490,,,7,,,,,,,,,,,0,,,,,,,,,61.21673,2025-10-11,2025-10-12,2025-10-11,inactive,2025-11-29,2025-10-12,2025-10-11T15:05:52+0200,Interazioni,0,ABSOLUTE_OCPM,1260829851770085,120232892002590167,Lancio_BNG_VideoViews_10ott,Lancio_BNG_VideoViews_10ott,YangKidd,120232892002600167,120232892002610167,,,,0,789,0,0,0,0,0,,0,0,0,0,0,,,,,
BNG_LONG,"10:00:00 - 10:59:59",inactive,,,,21.67,Giornaliero,2.45,1108,0,0,2.211191,695,,00:00:00,0,2025-10-16,"7 giorni dal clic o 1 giorno dalla visualizzazione",-,-,-,,,,6,0.541516,0.408333,,,,,,,,,0,0,0,,,,,,,0.003525,0,,0,,,,,,,,0,,0,,0,,,0,1,,,0.00349,,0.00349,,702,,,,702,,,6,,,,,,,,,,,0,,,,,,,,,62.725632,2025-10-11,2025-10-12,2025-10-11,inactive,2025-11-29,2025-10-12,2025-10-11T15:05:52+0200,Interazioni,0,ABSOLUTE_OCPM,1260829851770085,120232892002590167,Lancio_BNG_VideoViews_10ott,Lancio_BNG_VideoViews_10ott,YangKidd,120232892002600167,120232892002610167,,,,0,1108,0,0,0,0,0,,0,0,0,0,0,,,,,
BNG_LONG,"09:00:00 - 09:59:59",inactive,,,,21.67,Giornaliero,1.97,811,0,0,2.4291,535,,00:00:00,0,2025-10-16,"7 giorni dal clic o 1 giorno dalla visualizzazione",-,-,-,,,,5,0.616523,0.394,,,,,,,,,0,0,0,,,,,,,0.003682,0,,0,,,,,,,,0,,0,,0,,,0,,,,0.003675,,0.003675,,536,,,,536,,,1,,,,,,,,,,,0,,,,,,,,,65.967941,2025-10-11,2025-10-12,2025-10-11,inactive,2025-11-29,2025-10-12,2025-10-11T15:05:52+0200,Interazioni,0,ABSOLUTE_OCPM,1260829851770085,120232892002590167,Lancio_BNG_VideoViews_10ott,Lancio_BNG_VideoViews_10ott,YangKidd,120232892002600167,120232892002610167,,,,0,811,0,0,0,0,0,,0,0,0,0,0,,,,,
BNG_LONG,"08:00:00 - 08:59:59",inactive,,,,21.67,Giornaliero,0.99,427,0,0,2.318501,280,,00:00:00,0,2025-10-16,"7 giorni dal clic o 1 giorno dalla visualizzazione",-,-,-,,,,8,1.873536,0.12375,,,,,,,,,0,0,0,,,,,,,0.003536,0,,0,,,,,,,,0,,0,,0,,,0,,,,0.003511,,0.003511,,282,,,,282,,,2,,,,,,,,,,,0,,,,,,,,,65.57377,2025-10-11,2025-10-12,2025-10-11,inactive,2025-11-29,2025-10-12,2025-10-11T15:05:52+0200,Interazioni,0,ABSOLUTE_OCPM,1260829851770085,120232892002590167,Lancio_BNG_VideoViews_10ott,Lancio_BNG_VideoViews_10ott,YangKidd,120232892002600167,120232892002610167,,,,0,427,0,0,0,0,0,,0,0,0,0,0,,,,,
BNG_LONG,"07:00:00 - 07:59:59",inactive,,,,21.67,Giornaliero,0.46,196,0,0,2.346939,133,,00:00:00,0,2025-10-16,"7 giorni dal clic o 1 giorno dalla visualizzazione",-,-,-,,,,3,1.530612,0.153333,,,,,,,,,0,0,0,,,,,,,0.003459,0,,0,,,,,,,,0,,0,,0,,,0,,,,0.003459,,0.003459,,133,,,,133,,,,,,,,,,,,,,0,,,,,,,,,67.857143,2025-10-11,2025-10-12,2025-10-11,inactive,2025-11-29,2025-10-12,2025-10-11T15:05:52+0200,Interazioni,0,ABSOLUTE_OCPM,1260829851770085,120232892002590167,Lancio_BNG_VideoViews_10ott,Lancio_BNG_VideoViews_10ott,YangKidd,120232892002600167,120232892002610167,,,,0,196,0,0,0,0,0,,0,0,0,0,0,,,,,
BNG_LONG,"06:00:00 - 06:59:59",inactive,,,,21.67,Giornaliero,0.3,148,0,0,2.027027,96,,00:00:00,0,2025-10-16,"7 giorni dal clic o 1 giorno dalla visualizzazione",-,-,-,,,,1,0.675676,0.3,,,,,,,,,0,0,0,,,,,,,0.003125,0,,0,,,,,,,,0,,0,,0,,,0,,,,0.003093,,0.003093,,97,,,,97,,,1,,,,,,,,,,,0,,,,,,,,,64.864865,2025-10-11,2025-10-12,2025-10-11,inactive,2025-11-29,2025-10-12,2025-10-11T15:05:52+0200,Interazioni,0,ABSOLUTE_OCPM,1260829851770085,120232892002590167,Lancio_BNG_VideoViews_10ott,Lancio_BNG_VideoViews_10ott,YangKidd,120232892002600167,120232892002610167,,,,0,148,0,0,0,0,0,,0,0,0,0,0,,,,,
BNG_LONG,"05:00:00 - 05:59:59",inactive,,,,21.67,Giornaliero,0.27,116,0,0,2.327586,79,,00:00:00,0,2025-10-16,"7 giorni dal clic o 1 giorno dalla visualizzazione",-,-,-,,,,0,0,0,,,,,,,,,0,0,0,,,,,,,0.003418,0,,0,,,,,,,,0,,0,,0,,,0,,,,0.003418,,0.003418,,79,,,,79,,,,,,,,,,,,,,0,,,,,,,,,68.103448,2025-10-11,2025-10-12,2025-10-11,inactive,2025-11-29,2025-10-12,2025-10-11T15:05:52+0200,Interazioni,0,ABSOLUTE_OCPM,1260829851770085,120232892002590167,Lancio_BNG_VideoViews_10ott,Lancio_BNG_VideoViews_10ott,YangKidd,120232892002600167,120232892002610167,,,,0,116,0,0,0,0,0,,0,0,0,0,0,,,,,
BNG_LONG,"04:00:00 - 04:59:59",inactive,,,,21.67,Giornaliero,0.47,199,0,0,2.361809,111,,00:00:00,0,2025-10-16,"7 giorni dal clic o 1 giorno dalla visualizzazione",-,-,-,,,,2,1.005025,0.235,,,,,,,,,0,0,0,,,,,,,0.004234,0,,0,,,,,,,,0,,0,,0,,,0,,,,0.004159,,0.004159,,113,,,,113,,,2,,,,,,,,,,,0,,,,,,,,,55.778894,2025-10-11,2025-10-12,2025-10-11,inactive,2025-11-29,2025-10-12,2025-10-11T15:05:52+0200,Interazioni,0,ABSOLUTE_OCPM,1260829851770085,120232892002590167,Lancio_BNG_VideoViews_10ott,Lancio_BNG_VideoViews_10ott,YangKidd,120232892002600167,120232892002610167,,,,0,199,0,0,0,0,0,,0,0,0,0,0,,,,,
BNG_LONG,"03:00:00 - 03:59:59",inactive,,,,21.67,Giornaliero,0.66,289,0,0,2.283737,171,,00:00:00,0,2025-10-16,"7 giorni dal clic o 1 giorno dalla visualizzazione",-,-,-,,,,5,1.730104,0.132,,,,,,,,,0,0,0,,,,,,,0.00386,0,,0,,,,,,,,0,,0,,0,,,0,,,,0.003837,,0.003837,,172,,,,172,,,1,,,,,,,,,,,0,,,,,,,,,59.16955,2025-10-11,2025-10-12,2025-10-11,inactive,2025-11-29,2025-10-12,2025-10-11T15:05:52+0200,Interazioni,0,ABSOLUTE_OCPM,1260829851770085,120232892002590167,Lancio_BNG_VideoViews_10ott,Lancio_BNG_VideoViews_10ott,YangKidd,120232892002600167,120232892002610167,,,,0,289,0,0,0,0,0,,0,0,0,0,0,,,,,
BNG_LONG,"02:00:00 - 02:59:59",inactive,,,,21.67,Giornaliero,0.56,265,0,0,2.113208,168,,00:00:00,0,2025-10-16,"7 giorni dal clic o 1 giorno dalla visualizzazione",-,-,-,,,,2,0.754717,0.28,,,,,,,,,0,0,0,,,,,,,0.003333,0,,0,,,,,,,,0,,0,,0,,,0,1,,,0.003256,,0.003256,,172,,,,172,,,3,,,,,,,,,,,0,,,,,,,,,63.396226,2025-10-11,2025-10-12,2025-10-11,inactive,2025-11-29,2025-10-12,2025-10-11T15:05:52+0200,Interazioni,0,ABSOLUTE_OCPM,1260829851770085,120232892002590167,Lancio_BNG_VideoViews_10ott,Lancio_BNG_VideoViews_10ott,YangKidd,120232892002600167,120232892002610167,,,,0,265,0,0,0,0,0,,0,0,0,0,0,,,,,
BNG_LONG,"01:00:00 - 01:59:59",inactive,,,,21.67,Giornaliero,1.08,528,0,0,2.045455,306,,00:00:00,0,2025-10-16,"7 giorni dal clic o 1 giorno dalla visualizzazione",-,-,-,,,,10,1.893939,0.108,,,,,,,,,0,0,0,,,,,,,0.003529,0,,0,,,,,,,,0,,0,,0,,,0,,,,0.003495,,0.003495,,309,,,,309,,,3,,,,,,,,,,,0,,,,,,,,,57.954545,2025-10-11,2025-10-12,2025-10-11,inactive,2025-11-29,2025-10-12,2025-10-11T15:05:52+0200,Interazioni,0,ABSOLUTE_OCPM,1260829851770085,120232892002590167,Lancio_BNG_VideoViews_10ott,Lancio_BNG_VideoViews_10ott,YangKidd,120232892002600167,120232892002610167,,,,0,528,0,0,0,0,0,,0,0,0,0,0,,,,,
BNG_LONG,"00:00:00 - 00:59:59",inactive,,,,21.67,Giornaliero,1.28,646,0,0,1.981424,368,,00:00:00,0,2025-10-16,"7 giorni dal clic o 1 giorno dalla visualizzazione",-,-,-,,,,6,0.928793,0.213333,,,,,,,,,0,0,0,,,,,,,0.003478,0,,0,,,,,,,,0,,0,,0,,,0,,,,0.003432,,0.003432,,373,,,,373,,,5,,,,,,,,,,,0,,,,,,,,,56.965944,2025-10-11,2025-10-12,2025-10-11,inactive,2025-11-29,2025-10-12,2025-10-11T15:05:52+0200,Interazioni,0,ABSOLUTE_OCPM,1260829851770085,120232892002590167,Lancio_BNG_VideoViews_10ott,Lancio_BNG_VideoViews_10ott,YangKidd,120232892002600167,120232892002610167,,,,0,646,0,0,0,0,0,,0,0,0,0,0,,,,,
BNG_LONG,"23:00:00 - 23:59:59",inactive,,,,21.67,Giornaliero,1,521,0,0,1.919386,300,,00:00:00,0,2025-10-16,"7 giorni dal clic o 1 giorno dalla visualizzazione",-,-,-,,,,4,0.767754,0.25,,,,,,,,,0,0,0,,,,,,,0.003333,0,,0,,,,,,,,0,,0,,0,,,0,,,,0.003279,,0.003279,,305,,,,305,,,5,,,,,,,,,,,0,,,,,,,,,57.581574,2025-10-11,2025-10-11,2025-10-11,inactive,2025-11-29,2025-10-11,2025-10-11T15:05:52+0200,Interazioni,0,ABSOLUTE_OCPM,1260829851770085,120232892002590167,Lancio_BNG_VideoViews_10ott,Lancio_BNG_VideoViews_10ott,YangKidd,120232892002600167,120232892002610167,,,,0,521,0,0,0,0,0,,0,0,0,0,0,,,,,
BNG_LONG,"22:00:00 - 22:59:59",inactive,,,,21.67,Giornaliero,0.35,206,0,0,1.699029,132,,00:00:00,0,2025-10-16,"7 giorni dal clic o 1 giorno dalla visualizzazione",-,-,-,,,,1,0.485437,0.35,,,,,,,,,0,0,0,,,,,,,0.002652,0,,0,,,,,,,,0,,0,,0,,,0,,,,0.002612,,0.002612,,134,,,,134,,,2,,,,,,,,,,,0,,,,,,,,,64.07767,2025-10-11,2025-10-11,2025-10-11,inactive,2025-11-29,2025-10-11,2025-10-11T15:05:52+0200,Interazioni,0,ABSOLUTE_OCPM,1260829851770085,120232892002590167,Lancio_BNG_VideoViews_10ott,Lancio_BNG_VideoViews_10ott,YangKidd,120232892002600167,120232892002610167,,,,0,206,0,0,0,0,0,,0,0,0,0,0,,,,,
BNG_LONG,"21:00:00 - 21:59:59",inactive,,,,21.67,Giornaliero,0.35,188,0,0,1.861702,117,,00:00:00,0,2025-10-16,"7 giorni dal clic o 1 giorno dalla visualizzazione",-,-,-,,,,4,2.12766,0.0875,,,,,,,,,0,0,0,,,,,,,0.002991,0,,0,,,,,,,,0,,0,,0,,,0,,,,0.002917,,0.002917,,120,,,,120,,,3,,,,,,,,,,,0,,,,,,,,,62.234043,2025-10-11,2025-10-11,2025-10-11,inactive,2025-11-29,2025-10-11,2025-10-11T15:05:52+0200,Interazioni,0,ABSOLUTE_OCPM,1260829851770085,120232892002590167,Lancio_BNG_VideoViews_10ott,Lancio_BNG_VideoViews_10ott,YangKidd,120232892002600167,120232892002610167,,,,0,188,0,0,0,0,0,,0,0,0,0,0,,,,,
BNG_LONG,"20:00:00 - 20:59:59",inactive,,,,21.67,Giornaliero,0.88,479,0,0,1.837161,265,,00:00:00,0,2025-10-16,"7 giorni dal clic o 1 giorno dalla visualizzazione",-,-,-,,,,8,1.670146,0.11,,,,,,,,,0,0,0,,,,,,,0.003321,0,,0,,,,,,,,0,,0,,0,,,0,,,,0.003259,,0.003259,,270,,,,270,,,5,,,,,,,,,,,0,,,,,,,,,55.323591,2025-10-11,2025-10-11,2025-10-11,inactive,2025-11-29,2025-10-11,2025-10-11T15:05:52+0200,Interazioni,0,ABSOLUTE_OCPM,1260829851770085,120232892002590167,Lancio_BNG_VideoViews_10ott,Lancio_BNG_VideoViews_10ott,YangKidd,120232892002600167,120232892002610167,,,,0,479,0,0,0,0,0,,0,0,0,0,0,,,,,
BNG_LONG,"19:00:00 - 19:59:59",inactive,,,,21.67,Giornaliero,2.42,1240,0,0,1.951613,667,,00:00:00,0,2025-10-16,"7 giorni dal clic o 1 giorno dalla visualizzazione",-,-,-,,,,6,0.483871,0.403333,,,,,,,,,0,0,0,,,,,,,0.003628,0,,0,,,,,,,,0,,0,,0,,,0,1,,,0.003575,,0.003575,,677,,,,677,,,9,,,,,,,,,,,0,,,,,,,,,53.790323,2025-10-11,2025-10-11,2025-10-11,inactive,2025-11-29,2025-10-11,2025-10-11T15:05:52+0200,Interazioni,0,ABSOLUTE_OCPM,1260829851770085,120232892002590167,Lancio_BNG_VideoViews_10ott,Lancio_BNG_VideoViews_10ott,YangKidd,120232892002600167,120232892002610167,,,,0,1240,0,0,0,0,0,,0,0,0,0,0,,,,,
BNG_LONG,"18:00:00 - 18:59:59",inactive,,,,21.67,Giornaliero,1.06,525,0,0,2.019048,253,,00:00:00,0,2025-10-16,"7 giorni dal clic o 1 giorno dalla visualizzazione",-,-,-,,,,3,0.571429,0.353333,,,,,,,,,0,0,0,,,,,,,0.00419,0,,0,,,,,,,,0,,0,,0,,,0,,,,0.00419,,0.00419,,253,,,,253,,,,,,,,,,,,,,0,,,,,,,,,48.190476,2025-10-11,2025-10-11,2025-10-11,inactive,2025-11-29,2025-10-11,2025-10-11T15:05:52+0200,Interazioni,0,ABSOLUTE_OCPM,1260829851770085,120232892002590167,Lancio_BNG_VideoViews_10ott,Lancio_BNG_VideoViews_10ott,YangKidd,120232892002600167,120232892002610167,,,,0,525,0,0,0,0,0,,0,0,0,0,0,,,,,
BNG_LONG,"17:00:00 - 17:59:59",inactive,,,,21.67,Giornaliero,0.33,165,0,0,2,90,,00:00:00,0,2025-10-16,"7 giorni dal clic o 1 giorno dalla visualizzazione",-,-,-,,,,2,1.212121,0.165,,,,,,,,,0,0,0,,,,,,,0.003667,0,,0,,,,,,,,0,,0,,0,,,0,,,,0.003511,,0.003511,,94,,,,94,,,4,,,,,,,,,,,0,,,,,,,,,54.545455,2025-10-11,2025-10-11,2025-10-11,inactive,2025-11-29,2025-10-11,2025-10-11T15:05:52+0200,Interazioni,0,ABSOLUTE_OCPM,1260829851770085,120232892002590167,Lancio_BNG_VideoViews_10ott,Lancio_BNG_VideoViews_10ott,YangKidd,120232892002600167,120232892002610167,,,,0,165,0,0,0,0,0,,0,0,0,0,0,,,,,
BNG_LONG,"16:00:00 - 16:59:59",inactive,,,,21.67,Giornaliero,1.13,600,0,0,1.883333,349,,00:00:00,0,2025-10-16,"7 giorni dal clic o 1 giorno dalla visualizzazione",-,-,-,,,,5,0.833333,0.226,,,,,,,,,0,0,0,,,,,,,0.003238,0,,0,,,,,,,,0,,0,,0,,,0,,,,0.003165,,0.003165,,357,,,,357,,,8,,,,,,,,,,,0,,,,,,,,,58.166667,2025-10-11,2025-10-11,2025-10-11,inactive,2025-11-29,2025-10-11,2025-10-11T15:05:52+0200,Interazioni,0,ABSOLUTE_OCPM,1260829851770085,120232892002590167,Lancio_BNG_VideoViews_10ott,Lancio_BNG_VideoViews_10ott,YangKidd,120232892002600167,120232892002610167,,,,0,600,0,0,0,0,0,,0,0,0,0,0,,,,,
BNG_LONG,"15:00:00 - 15:59:59",inactive,,,,21.67,Giornaliero,0.38,239,0,0,1.589958,141,,00:00:00,0,2025-10-16,"7 giorni dal clic o 1 giorno dalla visualizzazione",-,-,-,,,,4,1.67364,0.095,,,,,,,,,0,0,0,,,,,,,0.002695,0,,0,,,,,,,,0,,0,,0,,,0,1,,,0.002568,,0.002568,,148,,,,148,,,6,,,,,,,,,,,0,,,,,,,,,58.995816,2025-10-11,2025-10-11,2025-10-11,inactive,2025-11-29,2025-10-11,2025-10-11T15:05:52+0200,Interazioni,0,ABSOLUTE_OCPM,1260829851770085,120232892002590167,Lancio_BNG_VideoViews_10ott,Lancio_BNG_VideoViews_10ott,YangKidd,120232892002600167,120232892002610167,,,,0,239,0,0,0,0,0,,0,0,0,0,0,,,,,
